,movie,Duration,year,rating,metascore,Director1,Director2
0,The Dark Knight,152,2008,9.0,84.0,Christopher Nolan,
1,The Lord of the Rings: The Return of the King,201,2003,9.0,94.0,Peter Jackson,
2,Inception,148,2010,8.8,74.0,Christopher Nolan,
3,The Lord of the Rings: The Fellowship of the Ring,178,2001,8.8,92.0,Peter Jackson,
4,The Lord of the Rings: The Two Towers,179,2002,8.8,87.0,Peter Jackson,
5,The Matrix,136,1999,8.7,73.0,Lana Wachowski,Lilly Wachowski
6,Star Wars: Episode V - The Empire Strikes Back,124,1980,8.7,82.0,Irvin Kershner,
7,Soorarai Pottru,153,2020,8.7,,Sudha Kongara,
8,Star Wars,121,1977,8.6,90.0,George Lucas,
9,Terminator 2: Judgment Day,137,1991,8.6,75.0,James Cameron,
10,Shichinin no samurai,207,1954,8.6,98.0,Akira Kurosawa,
11,Seppuku,133,1962,8.6,85.0,Masaki Kobayashi,
12,Sita Ramam,163,2022,8.6,,Hanu Raghavapudi,
13,Léon,110,1994,8.5,64.0,Luc Besson,
14,Gladiator,155,2000,8.5,67.0,Ridley Scott,
15,Spider-Man: Into the Spider-Verse,117,2018,8.4,87.0,Bob Persichetti,"Peter Ramsey,Rodney Rothman"
16,Avengers: Endgame,181,2019,8.4,78.0,Anthony Russo,Joe Russo
17,Raiders of the Lost Ark,115,1981,8.4,85.0,Steven Spielberg,
18,Avengers: Infinity War,149,2018,8.4,68.0,Anthony Russo,Joe Russo
19,Oldeuboi,101,2003,8.4,77.0,Park Chan-wook,
20,The Dark Knight Rises,164,2012,8.4,78.0,Christopher Nolan,
21,Aliens,137,1986,8.4,84.0,James Cameron,
22,Kaithi,145,2019,8.4,,Lokesh Kanagaraj,
23,Asuran,141,2019,8.4,,Vetrimaaran,
24,Top Gun: Maverick,130,2022,8.3,78.0,Joseph Kosinski,
25,Heat,170,1995,8.3,76.0,Michael Mann,
26,Star Wars: Episode VI - Return of the Jedi,131,1983,8.3,58.0,Richard Marquand,
27,Mononoke-hime,134,1997,8.3,76.0,Hayao Miyazaki,
28,North by Northwest,136,1959,8.3,98.0,Alfred Hitchcock,
29,Kantara,148,2022,8.3,,Rishab Shetty,
30,Dangal,161,2016,8.3,,Nitesh Tiwari,
31,K.G.F: Chapter 2,168,2022,8.3,,Prashanth Neel,
32,Vikram,175,2022,8.3,,Lokesh Kanagaraj,
33,Ratsasan,170,2018,8.3,,Ram Kumar,
34,Shershaah,135,2021,8.3,,Vishnuvardhan,
35,Guardians of the Galaxy Vol. 3,150,2023,8.2,64.0,James Gunn,
36,Spider-Man: No Way Home,148,2021,8.2,71.0,Jon Watts,
37,Jurassic Park,127,1993,8.2,68.0,Steven Spielberg,
38,Indiana Jones and the Last Crusade,127,1989,8.2,65.0,Steven Spielberg,
39,1917,119,2019,8.2,78.0,Sam Mendes,
40,Kill Bill: Vol. 1,111,2003,8.2,69.0,Quentin Tarantino,
41,Batman Begins,140,2005,8.2,70.0,Christopher Nolan,
42,Die Hard,132,1988,8.2,72.0,John McTiernan,
43,V for Vendetta,132,2005,8.2,62.0,James McTeigue,
44,Kimetsu no Yaiba: Mugen Ressha-Hen,117,2020,8.2,72.0,Haruo Sotozaki,
45,Ran,162,1985,8.2,97.0,Akira Kurosawa,
46,Gangs of Wasseypur,321,2012,8.2,89.0,Anurag Kashyap,
47,Vikram Vedha,147,2017,8.2,,Gayatri,"Pushkar,Gowtham Selvaraj"
48,Baahubali 2: The Conclusion,167,2017,8.2,,S.S. Rajamouli,
49,Yôjinbô,110,1961,8.2,93.0,Akira Kurosawa,
50,Uri: The Surgical Strike,138,2019,8.2,,Aditya Dhar,
51,K.G.F: Chapter 1,156,2018,8.2,,Prashanth Neel,
52,Sherlock Jr.,45,1924,8.2,,Buster Keaton,
53,Rangasthalam,170,2018,8.2,,Sukumar,
54,Dag II,135,2016,8.2,,Alper Caglar,
55,Paan Singh Tomar,135,2012,8.2,,Tigmanshu Dhulia,
56,Mad Max: Fury Road,120,2015,8.1,90.0,George Miller,
57,Ford v Ferrari,152,2019,8.1,81.0,James Mangold,
58,Pirates of the Caribbean: The Curse of the Black Pearl,143,2003,8.1,63.0,Gore Verbinski,
59,Blade Runner,117,1982,8.1,84.0,Ridley Scott,
60,The Terminator,107,1984,8.1,84.0,James Cameron,
61,Logan,137,2017,8.1,77.0,James Mangold,
62,"Lock, Stock and Two Smoking Barrels",107,1998,8.1,66.0,Guy Ritchie,
63,How to Train Your Dragon,98,2010,8.1,75.0,Dean DeBlois,Chris Sanders
64,Warrior,140,2011,8.1,71.0,Gavin O'Connor,
65,Rush,123,2013,8.1,74.0,Ron Howard,
66,The Iron Giant,86,1999,8.1,85.0,Brad Bird,
67,"Shin seiki Evangelion Gekijô-ban: Air/Magokoro wo, kimi ni",87,1997,8.1,,Hideaki Anno,Kazuya Tsurumaki
68,Sholay,204,1975,8.1,,Ramesh Sippy,
69,Bajrangi Bhaijaan,163,2015,8.1,,Kabir Khan,Mehmet Tutkun
70,The General,67,1926,8.1,,Clyde Bruckman,Buster Keaton
71,Kakushi-toride no san-akunin,139,1958,8.1,89.0,Akira Kurosawa,
72,White Heat,114,1949,8.1,,Raoul Walsh,
73,A Wednesday,104,2008,8.1,,Neeraj Pandey,
74,Major,150,2022,8.1,,Sashi Kiran Tikka,
75,Sarfarosh,174,1999,8.1,,John Mathew Matthan,
76,Hera Pheri,156,2000,8.1,,Priyadarshan,
77,Kaththi,166,2014,8.1,,A.R. Murugadoss,
78,Thuppakki,165,2012,8.1,,A.R. Murugadoss,
79,John Wick: Chapter 4,169,2023,8.0,78.0,Chad Stahelski,
80,Guardians of the Galaxy,121,2014,8.0,76.0,James Gunn,
81,Dune: Part One,155,2021,8.0,74.0,Denis Villeneuve,
82,Blade Runner 2049,164,2017,8.0,81.0,Denis Villeneuve,
83,Deadpool,108,2016,8.0,65.0,Tim Miller,
84,The Avengers,143,2012,8.0,69.0,Joss Whedon,
85,Zack Snyder's Justice League,242,2021,8.0,54.0,Zack Snyder,
86,The Incredibles,115,2004,8.0,90.0,Brad Bird,
87,Casino Royale,144,2006,8.0,80.0,Martin Campbell,
88,The Revenant,156,2015,8.0,76.0,Alejandro G. Iñárritu,
89,Akira,124,1988,8.0,67.0,Katsuhiro Ôtomo,
90,Kill Bill: Vol. 2,137,2004,8.0,83.0,Quentin Tarantino,
91,Ip Man,106,2008,8.0,59.0,Wilson Yip,
92,The Bourne Ultimatum,115,2007,8.0,85.0,Paul Greengrass,
93,Bãhubali: The Beginning,159,2015,8.0,,S.S. Rajamouli,
94,Mou gaan dou,101,2002,8.0,75.0,Andrew Lau,Alan Mak
95,WolfWalkers,103,2020,8.0,87.0,Tomm Moore,Ross Stewart
96,Tropa de Elite,115,2007,8.0,33.0,José Padilha,
97,Haider,160,2014,8.0,,Vishal Bhardwaj,
98,Sanjuro,96,1962,8.0,,Akira Kurosawa,
99,Tropa de Elite 2: O Inimigo Agora é Outro,115,2010,8.0,71.0,José Padilha,
100,Taegukgi hwinalrimyeo,140,2004,8.0,64.0,Je-kyu Kang,
101,Andaz Apna Apna,160,1994,8.0,,Rajkumar Santoshi,
102,Karthikeya 2,150,2022,8.0,,Chandoo Mondeti,
103,Arjun Reddy,182,2017,8.0,,Sandeep Reddy Vanga,
104,1 - Nenokkadine,170,2014,8.0,,Sukumar,
105,Nefes: Vatan Sagolsun,128,2009,8.0,,Levent Semerci,
106,Thor: Ragnarok,130,2017,7.9,74.0,Taika Waititi,
107,Avatar,162,2009,7.9,83.0,James Cameron,
108,Iron Man,126,2008,7.9,79.0,Jon Favreau,
109,Star Trek,127,2009,7.9,82.0,J.J. Abrams,
110,Edge of Tomorrow,113,2014,7.9,71.0,Doug Liman,
111,Children of Men,109,2006,7.9,84.0,Alfonso Cuarón,
112,X-Men: Days of Future Past,132,2014,7.9,75.0,Bryan Singer,
113,District 9,112,2009,7.9,81.0,Neill Blomkamp,
114,The Bourne Identity,119,2002,7.9,68.0,Doug Liman,
115,The Blues Brothers,133,1980,7.9,60.0,John Landis,
116,Wo hu cang long,120,2000,7.9,94.0,Ang Lee,
117,Kôkaku kidôtai,83,1995,7.9,76.0,Mamoru Oshii,
118,Per un pugno di dollari,99,1964,7.9,65.0,Sergio Leone,
119,Serbuan maut 2: Berandal,150,2014,7.9,71.0,Gareth Evans,
120,The Wild Bunch,145,1969,7.9,98.0,Sam Peckinpah,
121,Ying xiong,120,2002,7.9,85.0,Yimou Zhang,
122,Letters from Iwo Jima,141,2006,7.9,89.0,Clint Eastwood,
123,Taeksi woonjunsa,137,2017,7.9,69.0,Hun Jang,
124,The Adventures of Robin Hood,102,1938,7.9,97.0,Michael Curtiz,William Keighley
125,Baby,159,2015,7.9,,Neeraj Pandey,
126,Airlift,130,2016,7.9,,Raja Menon,
127,Vishwaroopam,148,2013,7.9,,Kamal Haasan,
128,Everything Everywhere All at Once,139,2022,7.8,81.0,Daniel Kwan,Daniel Scheinert
129,The Batman,176,2022,7.8,72.0,Matt Reeves,
130,RRR (Rise Roar Revolt),187,2022,7.8,83.0,S.S. Rajamouli,
131,The Gentlemen,113,2019,7.8,51.0,Guy Ritchie,
132,Im Westen nichts Neues,148,2022,7.8,76.0,Edward Berger,
133,Drive,100,2011,7.8,78.0,Nicolas Winding Refn,
134,Rogue One,133,2016,7.8,65.0,Gareth Edwards,
135,Star Wars: Episode VII - The Force Awakens,138,2015,7.8,80.0,J.J. Abrams,
136,Apocalypto,139,2006,7.8,68.0,Mel Gibson,
137,Dunkirk,106,2017,7.8,94.0,Christopher Nolan,
138,Ghostbusters,105,1984,7.8,71.0,Ivan Reitman,
139,Predator,107,1987,7.8,47.0,John McTiernan,
140,Hot Fuzz,121,2007,7.8,81.0,Edgar Wright,
141,Captain America: Civil War,147,2016,7.8,75.0,Anthony Russo,Joe Russo
142,Taken,90,2008,7.8,51.0,Pierre Morel,
143,Skyfall,143,2012,7.8,81.0,Sam Mendes,
144,Captain America: The Winter Soldier,136,2014,7.8,70.0,Anthony Russo,Joe Russo
145,The Fugitive,130,1993,7.8,87.0,Andrew Davis,
146,Big Hero 6,102,2014,7.8,74.0,Don Hall,Chris Williams
147,Captain Phillips,134,2013,7.8,82.0,Paul Greengrass,
148,Ang-ma-reul bo-at-da,144,2010,7.8,67.0,Jee-woon Kim,
149,The Last Samurai,154,2003,7.8,55.0,Edward Zwick,
150,Serenity,119,2005,7.8,74.0,Joss Whedon,
151,Thirteen Lives,147,2022,7.8,66.0,Ron Howard,
152,The Fighter,116,2010,7.8,79.0,David O. Russell,
153,How to Train Your Dragon 2,102,2014,7.8,77.0,Dean DeBlois,
154,Chugyeokja,125,2008,7.8,64.0,Na Hong-jin,
155,"Aguirre, der Zorn Gottes",95,1972,7.8,,Werner Herzog,
156,Jûbê ninpûchô,94,1993,7.8,,Yoshiaki Kawajiri,
157,Batman: Mask of the Phantasm,76,1993,7.8,65.0,Eric Radomski,"Kevin Altieri,Boyd Kirkland,Frank Paur,Dan Riba,Bruce Timm"
158,Dip huet seung hung,111,1989,7.8,82.0,John Woo,
159,Cowboy Bebop: Tengoku no tobira,115,2001,7.8,61.0,Shin'ichirô Watanabe,"Tensai Okamura,Hiroyuki Okiura,Yoshiyuki Takei"
160,Knockin' on Heaven's Door,87,1997,7.8,,Thomas Jahn,
161,Minnal Murali,158,2021,7.8,,Basil Joseph,
162,Avatar: The Way of Water,192,2022,7.7,67.0,James Cameron,
163,Kingsman: The Secret Service,129,2014,7.7,60.0,Matthew Vaughn,
164,Star Trek Into Darkness,132,2013,7.7,72.0,J.J. Abrams,
165,Mission: Impossible - Fallout,147,2018,7.7,86.0,Christopher McQuarrie,
166,Black Hawk Down,144,2001,7.7,74.0,Ridley Scott,
167,The Count of Monte Cristo,131,2002,7.7,61.0,Kevin Reynolds,
168,3:10 to Yuma,122,2007,7.7,76.0,James Mangold,
169,The Last of the Mohicans,112,1992,7.7,76.0,Michael Mann,
170,The Lego Movie,100,2014,7.7,83.0,Phil Lord,Christopher Miller
171,X: First Class,131,2011,7.7,65.0,Matthew Vaughn,
172,Training Day,122,2001,7.7,69.0,Antoine Fuqua,
173,The Dirty Dozen,150,1967,7.7,73.0,Robert Aldrich,
174,Man on Fire,146,2004,7.7,47.0,Tony Scott,
175,First Blood,93,1982,7.7,61.0,Ted Kotcheff,
176,The Magnificent Seven,128,1960,7.7,74.0,John Sturges,
177,Kung fu,99,2004,7.7,78.0,Stephen Chow,
178,The Boondock Saints,108,1999,7.7,44.0,Troy Duffy,
179,Goldfinger,110,1964,7.7,87.0,Guy Hamilton,
180,The Longest Day,178,1962,7.7,75.0,Ken Annakin,"Andrew Marton,Gerd Oswald,Bernhard Wicki,Darryl F. Zanuck"
181,Dirty Harry,102,1971,7.7,87.0,Don Siegel,Clint Eastwood
182,Star Trek II: The Wrath of Khan,113,1982,7.7,68.0,Nicholas Meyer,
183,The Bourne Supremacy,108,2004,7.7,73.0,Paul Greengrass,
184,Bonnie and Clyde,111,1967,7.7,86.0,Arthur Penn,
185,The French Connection,104,1971,7.7,94.0,William Friedkin,
186,Badlands,94,1973,7.7,93.0,Terrence Malick,
187,Lola rennt,81,1998,7.7,77.0,Tom Tykwer,
188,Kubo and the Two Strings,101,2016,7.7,84.0,Travis Knight,
189,Ponniyin Selvan: I,167,2022,7.7,,Mani Ratnam,
190,Key Largo,100,1948,7.7,,John Huston,
191,Ajeossi,119,2010,7.7,,Jeong-beom Lee,
192,Lat sau san taam,128,1992,7.7,,John Woo,
193,Scarface,93,1932,7.7,90.0,Howard Hawks,Richard Rosson
194,Doragon bôru chô: Burorî,100,2018,7.7,59.0,Tatsuya Nagamine,
195,Gongdong gyeongbi guyeok JSA,110,2000,7.7,58.0,Park Chan-wook,
196,Eega,145,2012,7.7,,S.S. Rajamouli,
197,Udta Punjab,148,2016,7.7,,Abhishek Chaubey,
198,Raazi,138,2018,7.7,,Meghna Gulzar,
199,Guy Ritchie's The Covenant,123,2023,7.6,63.0,Guy Ritchie,
200,Guardians of the Galaxy Vol. 2,136,2017,7.6,67.0,James Gunn,
201,The Fifth Element,126,1997,7.6,52.0,Luc Besson,
202,Sicario,121,2015,7.6,82.0,Denis Villeneuve,
203,300,117,2006,7.6,52.0,Zack Snyder,
204,Baby Driver,113,2017,7.6,86.0,Edgar Wright,
205,Star Wars: Episode III - Revenge of the Sith,140,2005,7.6,68.0,George Lucas,
206,Deadpool 2,119,2018,7.6,66.0,David Leitch,
207,Watchmen,162,2009,7.6,56.0,Zack Snyder,
208,Harry Potter and the Half-Blood Prince,153,2009,7.6,78.0,David Yates,
209,Kung Fu Panda,92,2008,7.6,74.0,Mark Osborne,John Stevenson
210,RoboCop,102,1987,7.6,70.0,Paul Verhoeven,
211,Busanhaeng,118,2016,7.6,73.0,Sang-ho Yeon,
212,The Warriors,93,1979,7.6,65.0,Walter Hill,
213,Creed,133,2015,7.6,82.0,Ryan Coogler,
214,Incredibles 2,118,2018,7.6,80.0,Brad Bird,
215,Mad Max 2,96,1981,7.6,77.0,George Miller,
216,Kick-Ass,117,2010,7.6,66.0,Matthew Vaughn,
217,Falling Down,113,1993,7.6,56.0,Joel Schumacher,
218,Zombieland,88,2009,7.6,73.0,Ruben Fleischer,
219,Minority Report,145,2002,7.6,80.0,Steven Spielberg,
220,Sherlock Holmes,128,2009,7.6,57.0,Guy Ritchie,
221,Rise of the Planet of the Apes,105,2011,7.6,68.0,Rupert Wyatt,
222,Serbuan maut,101,2011,7.6,73.0,Gareth Evans,
223,Dawn of the Planet of the Apes,130,2014,7.6,79.0,Matt Reeves,
224,Where Eagles Dare,158,1968,7.6,63.0,Brian G. Hutton,
225,End of Watch,109,2012,7.6,68.0,David Ayer,
226,Lethal Weapon,109,1987,7.6,68.0,Richard Donner,
227,Batoru rowaiaru,114,2000,7.6,81.0,Kinji Fukasaku,
228,Enter the Dragon,102,1973,7.6,83.0,Robert Clouse,
229,Die Hard with a Vengeance,128,1995,7.6,58.0,John McTiernan,
230,Star Trek: First Contact,111,1996,7.6,71.0,Jonathan Frakes,
231,Hotel Mumbai,123,2018,7.6,62.0,Anthony Maras,
232,Only the Brave,134,2017,7.6,72.0,Joseph Kosinski,
233,Escape from Alcatraz,112,1979,7.6,76.0,Don Siegel,
234,United 93,111,2006,7.6,90.0,Paul Greengrass,
235,The Taking of Pelham One Two Three,104,1974,7.6,68.0,Joseph Sargent,
236,Vampire Hunter D: Bloodlust,103,2000,7.6,62.0,Jack Fletcher,Yoshiaki Kawajiri
237,Huo Yuan Jia,104,2006,7.6,70.0,Ronny Yu,
238,Pushpa: The Rise - Part 1,179,2021,7.6,,Sukumar,
239,Ludo,149,2020,7.6,,Anurag Basu,
240,Evangelion Shin Gekijôban: Jo,98,2007,7.6,66.0,Masayuki,"Kazuya Tsurumaki,Hideaki Anno"
241,Celda 211,113,2009,7.6,,Daniel Monzón,
242,Rupan sansei: Kariosutoro no shiro,100,1979,7.6,72.0,Hayao Miyazaki,
243,Bakemono no ko,119,2015,7.6,65.0,Mamoru Hosoda,
244,Ölümlü Dünya,107,2018,7.6,,Ali Atay,
245,It's a Mad Mad Mad Mad World,210,1963,7.5,59.0,Stanley Kramer,
246,Indiana Jones and the Temple of Doom,118,1984,7.5,57.0,Steven Spielberg,
247,Lone Survivor,121,2013,7.5,60.0,Peter Berg,
248,Batman,126,1989,7.5,69.0,Tim Burton,
249,Scott Pilgrim vs. the World,112,2010,7.5,69.0,Edgar Wright,
250,Harry Potter and the Order of the Phoenix,138,2007,7.5,71.0,David Yates,
251,Fury,134,2014,7.5,64.0,David Ayer,
252,The Hunger Games: Catching Fire,146,2013,7.5,76.0,Francis Lawrence,
253,Upgrade,100,2018,7.5,67.0,Leigh Whannell,
254,The Crow,102,1994,7.5,71.0,Alex Proyas,
255,Total Recall,113,1990,7.5,60.0,Paul Verhoeven,
256,Doctor Strange,115,2016,7.5,72.0,Scott Derrickson,
257,Master and Commander: The Far Side of the World,138,2003,7.5,81.0,Peter Weir,
258,Collateral,120,2004,7.5,71.0,Michael Mann,
259,Enemy at the Gates,131,2001,7.5,53.0,Jean-Jacques Annaud,
260,Retfærdighedens ryttere,116,2020,7.5,81.0,Anders Thomas Jensen,
261,Source Code,93,2011,7.5,74.0,Duncan Jones,
262,Munich,164,2005,7.5,74.0,Steven Spielberg,
263,The Hunt for Red October,135,1990,7.5,58.0,John McTiernan,
264,Grindhouse,191,2007,7.5,77.0,Robert Rodriguez,"Eli Roth,Quentin Tarantino,Edgar Wright,Rob Zombie"
265,Midnight Run,126,1988,7.5,78.0,Martin Brest,
266,The Guns of Navarone,158,1961,7.5,72.0,J. Lee Thompson,
267,Tora! Tora! Tora!,144,1970,7.5,46.0,Richard Fleischer,"Kinji Fukasaku,Toshio Masuda,Akira Kurosawa"
268,Hodejegerne,100,2011,7.5,72.0,Morten Tyldum,
269,Ging chaat goo si,100,1985,7.5,78.0,Jackie Chan,Chi-Hwa Chen
270,Yip Man 2,108,2010,7.5,67.0,Wilson Yip,
271,Jûsan-nin no shikaku,141,2010,7.5,84.0,Takashi Miike,
272,Sinsegye,135,2013,7.5,58.0,Park Hoon-jung,
273,Shi mian mai fu,119,2004,7.5,89.0,Yimou Zhang,
274,Dalkomhan insaeng,119,2005,7.5,,Jee-woon Kim,
275,Jui kuen II,102,1994,7.5,74.0,Chia-Liang Liu,Jackie Chan
276,Tanhaji: The Unsung Warrior,135,2020,7.5,,Om Raut,
277,Zatôichi,116,2003,7.5,75.0,Takeshi Kitano,
278,L'instinct de mort,113,2008,7.5,71.0,Jean-François Richet,
279,Jodhaa Akbar,213,2008,7.5,69.0,Ashutosh Gowariker,
280,Delhi Belly,103,2011,7.5,66.0,Abhinay Deo,Akshat Verma
281,Mersal,172,2017,7.5,,Atlee,
282,Waar,130,2013,7.5,,Bilal Lashari,
283,John Wick,101,2014,7.4,68.0,Chad Stahelski,David Leitch
284,John Wick: Chapter 3 - Parabellum,130,2019,7.4,73.0,Chad Stahelski,
285,John Wick: Chapter 2,122,2017,7.4,75.0,Chad Stahelski,
286,Shang-Chi and the Legend of the Ten Rings,132,2021,7.4,71.0,Destin Daniel Cretton,
287,Spider-Man: Homecoming,133,2017,7.4,73.0,Jon Watts,
288,Nobody,92,2021,7.4,64.0,Ilya Naishuller,
289,Spider-Man,121,2002,7.4,73.0,Sam Raimi,
290,Ready Player One,140,2018,7.4,64.0,Steven Spielberg,
291,Mission: Impossible - Rogue Nation,131,2015,7.4,75.0,Christopher McQuarrie,
292,Mission: Impossible - Ghost Protocol,132,2011,7.4,73.0,Brad Bird,
293,The Last Duel,152,2021,7.4,67.0,Ridley Scott,
294,Wonder Woman,141,2017,7.4,76.0,Patty Jenkins,
295,Superman,143,1978,7.4,82.0,Richard Donner,
296,Spider-Man: Far from Home,129,2019,7.4,69.0,Jon Watts,
297,Spider-Man 2,127,2004,7.4,83.0,Sam Raimi,
298,The Rock,136,1996,7.4,58.0,Michael Bay,
299,Predestination,97,2014,7.4,69.0,Michael Spierig,Peter Spierig
300,Looper,119,2012,7.4,84.0,Rian Johnson,
301,A History of Violence,96,2005,7.4,82.0,David Cronenberg,
302,Law Abiding Citizen,109,2009,7.4,34.0,F. Gary Gray,
303,X2,134,2003,7.4,68.0,Bryan Singer,
304,War for the Planet of the Apes,140,2017,7.4,82.0,Matt Reeves,
305,How to Train Your Dragon: The Hidden World,104,2019,7.4,71.0,Dean DeBlois,
306,Sherlock Holmes: A Game of Shadows,129,2011,7.4,48.0,Guy Ritchie,
307,Bullitt,114,1968,7.4,81.0,Peter Yates,
308,From Russia with Love,115,1963,7.4,83.0,Terence Young,
309,Open Range,139,2003,7.4,67.0,Kevin Costner,
310,Thief,123,1981,7.4,78.0,Michael Mann,
311,Mission Majnu,129,2023,7.4,,Shantanu Bagchi,
312,Black Dynamite,84,2009,7.4,65.0,Scott Sanders,
313,Rurôni Kenshin: Meiji kenkaku roman tan,134,2012,7.4,,Keishi Otomo,
314,Zui quan,111,1978,7.4,68.0,Woo-Ping Yuen,
315,Samâ uôzu,114,2009,7.4,63.0,Mamoru Hosoda,
316,L'ennemi public n°1,133,2008,7.4,72.0,Jean-François Richet,
317,Dungeons & Dragons: Honor Among Thieves,134,2023,7.3,72.0,John Francis Daley,Jonathan Goldstein
318,Bullet Train,127,2022,7.3,49.0,David Leitch,
319,Fast Five,130,2011,7.3,66.0,Justin Lin,
320,Tenet,150,2020,7.3,69.0,Christopher Nolan,
321,Ant-Man,117,2015,7.3,64.0,Peyton Reed,
322,Starship Troopers,129,1997,7.3,52.0,Paul Verhoeven,
323,No Time to Die,163,2021,7.3,68.0,Cary Joji Fukunaga,
324,True Lies,141,1994,7.3,63.0,James Cameron,
325,Men in Black,98,1997,7.3,71.0,Barry Sonnenfeld,
326,The Accountant,128,2016,7.3,51.0,Gavin O'Connor,
327,The Nice Guys,116,2016,7.3,70.0,Shane Black,
328,Dawn of the Dead,101,2004,7.3,59.0,Zack Snyder,
329,Black Panther,134,2018,7.3,88.0,Ryan Coogler,
330,Speed,116,1994,7.3,78.0,Jan de Bont,
331,Avengers: Age of Ultron,141,2015,7.3,66.0,Joss Whedon,
332,Beverly Hills Cop,105,1984,7.3,66.0,Martin Brest,
333,Face/Off,138,1997,7.3,82.0,John Woo,
334,X-Men,104,2000,7.3,64.0,Bryan Singer,
335,13 Hours,144,2016,7.3,48.0,Michael Bay,
336,Alita: Battle Angel,122,2019,7.3,53.0,Robert Rodriguez,
337,American Sniper,133,2014,7.3,72.0,Clint Eastwood,
338,The Karate Kid,126,1984,7.3,60.0,John G. Avildsen,
339,El Camino: A Breaking Bad Movie,122,2019,7.3,72.0,Vince Gilligan,
340,Pirates of the Caribbean: Dead Man's Chest,151,2006,7.3,53.0,Gore Verbinski,
341,Raya and the Last Dragon,107,2021,7.3,74.0,Don Hall,"Carlos López Estrada,Paul Briggs,John Ripa"
342,The Lego Batman Movie,104,2017,7.3,75.0,Chris McKay,
343,Equilibrium,107,2002,7.3,33.0,Kurt Wimmer,
344,Patriots Day,133,2016,7.3,69.0,Peter Berg,
345,Southpaw,124,2015,7.3,57.0,Antoine Fuqua,
346,Layer Cake,105,2004,7.3,73.0,Matthew Vaughn,
347,Megamind,95,2010,7.3,63.0,Tom McGrath,
348,Eye in the Sky,102,2015,7.3,73.0,Gavin Hood,
349,The Adventures of Tintin,107,2011,7.3,68.0,Steven Spielberg,
350,Enemy of the State,132,1998,7.3,67.0,Tony Scott,
351,Okja,120,2017,7.3,75.0,Bong Joon Ho,
352,To Live and Die in L.A.,116,1985,7.3,81.0,William Friedkin,
353,The Next Three Days,133,2010,7.3,52.0,Paul Haggis,
354,The Negotiator,140,1998,7.3,62.0,F. Gary Gray,
355,Invictus,134,2009,7.3,74.0,Clint Eastwood,
356,Nikita,117,1990,7.3,56.0,Luc Besson,
357,Star Trek IV: The Voyage Home,119,1986,7.3,71.0,Leonard Nimoy,
358,Crimson Tide,116,1995,7.3,66.0,Tony Scott,
359,Grosse Pointe Blank,107,1997,7.3,76.0,George Armitage,
360,Running Scared,122,2006,7.3,41.0,Wayne Kramer,
361,Siu Lam juk kau,113,2001,7.3,68.0,Stephen Chow,
362,Assault on Precinct 13,91,1976,7.3,89.0,John Carpenter,
363,Jason and the Argonauts,104,1963,7.3,69.0,Don Chaffey,
364,The Getaway,123,1972,7.3,55.0,Sam Peckinpah,
365,Chi bi,288,2008,7.3,73.0,John Woo,
366,Bacurau,131,2019,7.3,82.0,Juliano Dornelles,Kleber Mendonça Filho
367,Get Carter,112,1971,7.3,80.0,Mike Hodges,
368,Ghajini,186,2008,7.3,,A.R. Murugadoss,
369,Max Manus,118,2008,7.3,60.0,Joachim Rønning,Espen Sandberg
370,Der Baader Meinhof Komplex,150,2008,7.3,76.0,Uli Edel,
371,Master,178,2021,7.3,,Lokesh Kanagaraj,
372,The Suicide Squad,132,2021,7.2,72.0,James Gunn,
373,The Hunger Games,142,2012,7.2,68.0,Gary Ross,
374,From Dusk Till Dawn,108,1996,7.2,48.0,Robert Rodriguez,
375,The Equalizer,132,2014,7.2,57.0,Antoine Fuqua,
376,Willow,126,1988,7.2,47.0,Ron Howard,
377,Point Break,122,1991,7.2,59.0,Kathryn Bigelow,
378,The Man from U.N.C.L.E.,116,2015,7.2,56.0,Guy Ritchie,
379,Kingdom of Heaven,144,2005,7.2,63.0,Ridley Scott,
380,21 Jump Street,109,2012,7.2,69.0,Phil Lord,Christopher Miller
381,Natural Born Killers,119,1994,7.2,74.0,Oliver Stone,
382,GoldenEye,130,1995,7.2,65.0,Martin Campbell,
383,Unbroken,137,2014,7.2,59.0,Angelina Jolie,
384,The Matrix Reloaded,138,2003,7.2,62.0,Lana Wachowski,Lilly Wachowski
385,They Live,94,1988,7.2,55.0,John Carpenter,
386,King Kong,187,2005,7.2,81.0,Peter Jackson,
387,The Patriot,165,2000,7.2,63.0,Roland Emmerich,
388,I Am Legend,101,2007,7.2,65.0,Francis Lawrence,
389,The Life Aquatic with Steve Zissou,119,2004,7.2,62.0,Wes Anderson,
390,The Croods,98,2013,7.2,55.0,Kirk DeMicco,Chris Sanders
391,Big Trouble in Little China,99,1986,7.2,53.0,John Carpenter,
392,Rango,107,2011,7.2,75.0,Gore Verbinski,
393,RocknRolla,114,2008,7.2,53.0,Guy Ritchie,
394,Old Henry,99,2021,7.2,69.0,Potsy Ponciroli,
395,Dr. No,110,1962,7.2,78.0,Terence Young,
396,Friday Night Lights,118,2004,7.2,70.0,Peter Berg,
397,Team America: World Police,98,2004,7.2,64.0,Trey Parker,
398,Ronin,122,1998,7.2,67.0,John Frankenheimer,
399,Kung Fu Panda 2,90,2011,7.2,67.0,Jennifer Yuh Nelson,
400,Batman v Superman: Dawn of Justice (Ultimate Edition),182,2016,7.2,,Zack Snyder,
401,Runaway Train,111,1985,7.2,67.0,Andrey Konchalovskiy,
402,Star Trek VI: The Undiscovered Country,110,1991,7.2,65.0,Nicholas Meyer,
403,The Italian Job,99,1969,7.2,70.0,Peter Collinson,
404,Anthropoid,120,2016,7.2,59.0,Sean Ellis,
405,War Horse,146,2011,7.2,72.0,Steven Spielberg,
406,Magnum Force,124,1973,7.2,58.0,Ted Post,
407,In the Line of Fire,128,1993,7.2,74.0,Wolfgang Petersen,
408,Silverado,133,1985,7.2,64.0,Lawrence Kasdan,
409,Rise of the Guardians,97,2012,7.2,58.0,Peter Ramsey,
410,Meng long guo jiang,99,1972,7.2,58.0,Bruce Lee,
411,Vanishing Point,99,1971,7.2,61.0,Richard C. Sarafian,
412,Lethal Weapon 2,114,1989,7.2,70.0,Richard Donner,
413,The Transformers: The Movie,84,1986,7.2,43.0,Nelson Shin,
414,Arlington Road,117,1999,7.2,65.0,Mark Pellington,
415,Kon-Tiki,118,2012,7.2,62.0,Joachim Rønning,Espen Sandberg
416,The Hitcher,97,1986,7.2,32.0,Robert Harmon,
417,The Witcher: Nightmare of the Wolf,83,2021,7.2,67.0,Kwang Il Han,
418,Django,91,1966,7.2,75.0,Sergio Corbucci,
419,The Siege of Jadotville,108,2016,7.2,,Richie Smyth,
420,'71,99,2014,7.2,83.0,Yann Demange,
421,Bajirao Mastani,158,2015,7.2,,Sanjay Leela Bhansali,
422,Jing wu men,106,1972,7.2,68.0,Wei Lo,
423,Harry Brown,103,2009,7.2,55.0,Daniel Barber,
424,Joheunnom nabbeunnom isanghannom,139,2008,7.2,69.0,Jee-woon Kim,
425,La isla mínima,105,2014,7.2,,Alberto Rodríguez,
426,Fainaru fantajî sebun adobento chirudoren,101,2005,7.2,,Tetsuya Nomura,Takeshi Nozue
427,Mongol,126,2007,7.2,74.0,Sergei Bodrov,
428,Holiday,160,2014,7.2,,A.R. Murugadoss,
429,Fast & Furious 7,137,2015,7.1,67.0,James Wan,
430,The Mummy,124,1999,7.1,48.0,Stephen Sommers,
431,Mission: Impossible,110,1996,7.1,59.0,Brian De Palma,
432,Free Guy,115,2021,7.1,62.0,Shawn Levy,
433,Wrath of Man,119,2021,7.1,57.0,Guy Ritchie,
434,Tropic Thunder,107,2008,7.1,71.0,Ben Stiller,
435,Prey,100,2022,7.1,71.0,Dan Trachtenberg,
436,Man of Steel,143,2013,7.1,55.0,Zack Snyder,
437,Everest,121,2015,7.1,64.0,Baltasar Kormákur,
438,Blade,120,1998,7.1,47.0,Stephen Norrington,
439,Shooter,124,2007,7.1,53.0,Antoine Fuqua,
440,Batman Returns,126,1992,7.1,68.0,Tim Burton,
441,Highlander,116,1986,7.1,24.0,Russell Mulcahy,
442,Iron Man Three,130,2013,7.1,62.0,Shane Black,
443,WarGames,114,1983,7.1,77.0,John Badham,
444,Dredd,95,2012,7.1,60.0,Pete Travis,
445,Snowpiercer,126,2013,7.1,84.0,Bong Joon Ho,
446,Pirates of the Caribbean: At World's End,169,2007,7.1,50.0,Gore Verbinski,
447,American Made,114,2017,7.1,65.0,Doug Liman,
448,Creed II,130,2018,7.1,66.0,Steven Caple Jr.,
449,DC League of Super-Pets,105,2022,7.1,56.0,Jared Stern,Sam J. Levine
450,Desperado,104,1995,7.1,55.0,Robert Rodriguez,
451,"I, Robot",115,2004,7.1,59.0,Alex Proyas,
452,Escape from New York,99,1981,7.1,76.0,John Carpenter,
453,We Were Soldiers,138,2002,7.1,65.0,Randall Wallace,
454,Live Free or Die Hard,128,2007,7.1,69.0,Len Wiseman,
455,Allied,124,2016,7.1,60.0,Robert Zemeckis,
456,The Poseidon Adventure,117,1972,7.1,70.0,Ronald Neame,
457,Kung Fu Panda 3,95,2016,7.1,66.0,Alessandro Carloni,Jennifer Yuh Nelson
458,Planet Terror,105,2007,7.1,,Robert Rodriguez,
459,Casualties of War,113,1989,7.1,75.0,Brian De Palma,
460,No Way Out,114,1987,7.1,77.0,Roger Donaldson,
461,Rocky Balboa,102,2006,7.1,63.0,Sylvester Stallone,
462,Deepwater Horizon,107,2016,7.1,68.0,Peter Berg,
463,Deja Vu,126,2006,7.1,59.0,Tony Scott,
464,Defiance,137,2008,7.1,58.0,Edward Zwick,
465,Three Kings,114,1999,7.1,82.0,David O. Russell,
466,Die Hard 2,124,1990,7.1,67.0,Renny Harlin,
467,Brawl in Cell Block 99,132,2017,7.1,79.0,S. Craig Zahler,
468,Payback,100,1999,7.1,46.0,Brian Helgeland,
469,Flags of Our Fathers,135,2006,7.1,79.0,Clint Eastwood,
470,Ong-bak,108,2003,7.1,69.0,Prachya Pinkaew,
471,Megan Leavey,116,2017,7.1,66.0,Gabriela Cowperthwaite,
472,Banlieue 13,84,2004,7.1,70.0,Pierre Morel,
473,Mosul,86,2019,7.1,71.0,Matthew Michael Carnahan,
474,Flickan som lekte med elden,129,2009,7.1,66.0,Daniel Alfredson,
475,God Bless America,105,2011,7.1,56.0,Bobcat Goldthwait,
476,Kraftidioten,116,2014,7.1,74.0,Hans Petter Moland,
477,Kaabil,139,2017,7.1,,Sanjay Gupta,
478,JCVD,97,2008,7.1,64.0,Mabrouk El Mechri,
479,Dragon Ball Z: Doragon bôru Z - Kami to Kami,85,2013,7.1,,Masahiro Hosoda,
480,Don,178,2006,7.1,,Farhan Akhtar,
481,Micmacs à tire-larigot,105,2009,7.1,62.0,Jean-Pierre Jeunet,
482,Koi... Mil Gaya,171,2003,7.1,,Rakesh Roshan,
483,Fanaa,168,2006,7.1,,Kunal Kohli,
484,Marighella,155,2019,7.1,,Wagner Moura,
485,Enthiran,155,2010,7.1,,S. Shankar,
486,Gabbar Is Back,128,2015,7.1,,Radha Krishna Jagarlamudi,
487,Sisu,91,2022,7.0,70.0,Jalmari Helander,
488,Thor,115,2011,7.0,57.0,Kenneth Branagh,
489,Furious 6,130,2013,7.0,61.0,Justin Lin,
490,Shazam!,132,2019,7.0,71.0,David F. Sandberg,
491,The Unbearable Weight of Massive Talent,107,2022,7.0,68.0,Tom Gormican,
492,Transformers,144,2007,7.0,61.0,Michael Bay,
493,The Northman,137,2022,7.0,82.0,Robert Eggers,
494,Ant-Man and the Wasp,118,2018,7.0,70.0,Peyton Reed,
495,Independence Day,145,1996,7.0,59.0,Roland Emmerich,
496,Jack Reacher,130,2012,7.0,50.0,Christopher McQuarrie,
497,World War Z,116,2013,7.0,63.0,Marc Forster,
498,Death Proof,127,2007,7.0,,Quentin Tarantino,
499,Super 8,112,2011,7.0,72.0,J.J. Abrams,
500,Constantine,121,2005,7.0,50.0,Francis Lawrence,
501,Star Trek Beyond,122,2016,7.0,68.0,Justin Lin,
502,Cloverfield,85,2008,7.0,64.0,Matt Reeves,
503,Rush Hour,98,1998,7.0,60.0,Brett Ratner,
504,The Italian Job,111,2003,7.0,68.0,F. Gary Gray,
505,Smokey and the Bandit,96,1977,7.0,50.0,Hal Needham,
506,Oblivion,124,2013,7.0,54.0,Joseph Kosinski,
507,Pitch Black,109,2000,7.0,49.0,David Twohy,
508,Stargate,116,1994,7.0,42.0,Roland Emmerich,
509,Sicario: Day of the Soldado,122,2018,7.0,61.0,Stefano Sollima,
510,Greyhound,91,2020,7.0,64.0,Aaron Schneider,
511,Le pacte des loups,142,2001,7.0,57.0,Christophe Gans,
512,Den of Thieves,140,2018,7.0,49.0,Christian Gudegast,
513,RED,111,2010,7.0,60.0,Robert Schwentke,
514,Underworld,121,2003,7.0,42.0,Len Wiseman,
515,Spy,120,2015,7.0,75.0,Paul Feig,
516,Real Steel,127,2011,7.0,56.0,Shawn Levy,
517,Logan Lucky,118,2017,7.0,78.0,Steven Soderbergh,
518,22 Jump Street,112,2014,7.0,71.0,Phil Lord,Christopher Miller
519,Bronson,92,2008,7.0,71.0,Nicolas Winding Refn,
520,Public Enemies,140,2009,7.0,70.0,Michael Mann,
521,The Last Boy Scout,105,1991,7.0,52.0,Tony Scott,
522,Chronicle,89,2012,7.0,69.0,Josh Trank,
523,Chip 'n Dale: Rescue Rangers,97,2022,7.0,66.0,Akiva Schaffer,
524,A Most Violent Year,125,2014,7.0,79.0,J.C. Chandor,
525,Body of Lies,128,2008,7.0,57.0,Ridley Scott,
526,Rambo,92,2008,7.0,46.0,Sylvester Stallone,
527,Fallen,124,1998,7.0,,Gregory Hoblit,
528,9,79,2009,7.0,60.0,Shane Acker,
529,Hellboy II: The Golden Army,120,2008,7.0,78.0,Guillermo del Toro,
530,The Foreigner,113,2017,7.0,55.0,Martin Campbell,
531,The Towering Inferno,165,1974,7.0,69.0,John Guillermin,
532,Yip Man 4,107,2019,7.0,62.0,Wilson Yip,
533,The Kingdom,110,2007,7.0,56.0,Peter Berg,
534,Filth,97,2013,7.0,56.0,Jon S. Baird,
535,The Spy Who Loved Me,125,1977,7.0,55.0,Lewis Gilbert,
536,Spy Game,126,2001,7.0,63.0,Tony Scott,
537,Maverick,127,1994,7.0,62.0,Richard Donner,
538,Koroshiya 1,129,2001,7.0,55.0,Takashi Miike,
539,Thunderbolt and Lightfoot,115,1974,7.0,62.0,Michael Cimino,
540,Juice,95,1992,7.0,60.0,Ernest R. Dickerson,
541,The War of the Worlds,85,1953,7.0,78.0,Byron Haskin,
542,Son of Rambow,96,2007,7.0,66.0,Garth Jennings,
543,An Action Hero,130,2022,7.0,,Anirudh Iyer,
544,Taxi,89,1998,7.0,,Gérard Pirès,
545,Unleashed,103,2005,7.0,58.0,Louis Leterrier,
546,Yip Man 3,105,2015,7.0,57.0,Wilson Yip,
547,Dragon: The Bruce Lee Story,120,1993,7.0,69.0,Rob Cohen,
548,Tom yum goong,111,2005,7.0,52.0,Prachya Pinkaew,
549,Man cheng jin dai huang jin jia,114,2006,7.0,70.0,Yimou Zhang,
550,Don 2,148,2011,7.0,49.0,Farhan Akhtar,
551,Sultan,170,2016,7.0,,Ali Abbas Zafar,
552,Kabir Singh,173,2019,7.0,,Sandeep Reddy Vanga,
553,Main Hoon Na,179,2004,7.0,,Farah Khan,
554,The Legend,161,2022,7.0,,Jerry,Joseph D. Sami
555,VR (Vikrant Rona),148,2022,7.0,,Anup Bhandari,
556,Tau ming chong,126,2007,7.0,70.0,Peter Ho-Sun Chan,Wai-Man Yip
557,Yip Man chin chyun,100,2010,7.0,,Herman Yau,
558,Top Gun,109,1986,6.9,50.0,Tony Scott,
559,The Last Kingdom: Seven Kings Must Die,111,2023,6.9,48.0,Edward Bazalgette,
560,Conan the Barbarian,129,1982,6.9,43.0,John Milius,
561,Doctor Strange in the Multiverse of Madness,126,2022,6.9,60.0,Sam Raimi,
562,Clash of the Titans,118,1981,6.9,59.0,Desmond Davis,
563,Game Night,100,2018,6.9,66.0,John Francis Daley,Jonathan Goldstein
564,Jumanji: Welcome to the Jungle,119,2017,6.9,58.0,Jake Kasdan,
565,Captain America: The First Avenger,124,2011,6.9,66.0,Joe Johnston,
566,The Mask,101,1994,6.9,56.0,Chuck Russell,
567,Mission: Impossible III,126,2006,6.9,66.0,J.J. Abrams,
568,Solo: A Star Wars Story,135,2018,6.9,62.0,Ron Howard,
569,Thunderball,130,1965,6.9,64.0,Terence Young,
570,The Amazing Spider-Man,136,2012,6.9,66.0,Marc Webb,
571,Jurassic World,124,2015,6.9,59.0,Colin Trevorrow,
572,Star Wars: Episode VIII - The Last Jedi,152,2017,6.9,84.0,Rian Johnson,
573,A Knight's Tale,132,2001,6.9,56.0,Brian Helgeland,
574,Con Air,115,1997,6.9,52.0,Simon West,
575,X-Men: Apocalypse,144,2016,6.9,52.0,Bryan Singer,
576,Pacific Rim,131,2013,6.9,65.0,Guillermo del Toro,
577,Iron Man 2,124,2010,6.9,57.0,Jon Favreau,
578,Romancing the Stone,106,1984,6.9,63.0,Robert Zemeckis,
579,National Treasure,131,2004,6.9,40.0,Jon Turteltaub,
580,Robin Hood: Prince of Thieves,143,1991,6.9,51.0,Kevin Reynolds,
581,Atlantis: The Lost Empire,95,2001,6.9,52.0,Gary Trousdale,Kirk Wise
582,The Hitman's Bodyguard,118,2017,6.9,47.0,Patrick Hughes,
583,Dragged Across Concrete,158,2018,6.9,60.0,S. Craig Zahler,
584,Love and Monsters,109,2020,6.9,63.0,Michael Matthews,
585,28 Weeks Later,100,2007,6.9,78.0,Juan Carlos Fresnadillo,
586,Outlaw King,121,2018,6.9,59.0,David Mackenzie,
587,The World's End,109,2013,6.9,81.0,Edgar Wright,
588,Pineapple Express,111,2008,6.9,64.0,David Gordon Green,
589,In the Heart of the Sea,122,2015,6.9,47.0,Ron Howard,
590,Crank,88,2006,6.9,57.0,Mark Neveldine,Brian Taylor
591,48 Hrs.,96,1982,6.9,71.0,Walter Hill,
592,Clear and Present Danger,141,1994,6.9,74.0,Phillip Noyce,
593,Death Wish,93,1974,6.9,51.0,Michael Winner,
594,The Edge,117,1997,6.9,66.0,Lee Tamahori,
595,Non-Stop,106,2014,6.9,56.0,Jaume Collet-Serra,
596,The Last Castle,131,2001,6.9,43.0,Rod Lurie,
597,The Guardian,139,2006,6.9,53.0,Andrew Davis,
598,Westworld,88,1973,6.9,77.0,Michael Crichton,
599,The Night Comes for Us,121,2018,6.9,69.0,Timo Tjahjanto,
600,Repo Man,92,1984,6.9,82.0,Alex Cox,
601,The Monster Squad,79,1987,6.9,61.0,Fred Dekker,
602,Free State of Jones,139,2016,6.9,53.0,Gary Ross,
603,Legend of the Guardians: The Owls of Ga'Hoole,97,2010,6.9,53.0,Zack Snyder,
604,Get the Gringo,96,2012,6.9,60.0,Adrian Grunberg,
605,Muppet Treasure Island,99,1996,6.9,64.0,Brian Henson,David Lane
606,All Is Lost,106,2013,6.9,87.0,J.C. Chandor,
607,Memphis Belle,107,1990,6.9,59.0,Michael Caton-Jones,
608,Slow West,84,2015,6.9,72.0,John Maclean,
609,Tang shan da xiong,100,1971,6.9,,Wei Lo,Chia-Hsiang Wu
610,San ging chaat goo si,123,2004,6.9,,Benny Chan,
611,Agneepath,174,2012,6.9,,Karan Malhotra,
612,Alan Partridge: Alpha Papa,90,2013,6.9,66.0,Declan Lowney,
613,Traitor,114,2008,6.9,61.0,Jeffrey Nachmanoff,
614,Fan,142,2016,6.9,,Maneesh Sharma,
615,The Fast and the Furious,106,2001,6.8,58.0,Rob Cohen,
616,The Woman King,135,2022,6.8,77.0,Gina Prince-Bythewood,
617,The Magnificent Seven,132,2016,6.8,54.0,Antoine Fuqua,
618,Aquaman,143,2018,6.8,55.0,James Wan,
619,Ready or Not,95,2019,6.8,64.0,Matt Bettinelli-Olpin,Tyler Gillett
620,Thor: The Dark World,112,2013,6.8,54.0,Alan Taylor,
621,Mad Max,88,1979,6.8,73.0,George Miller,
622,Captain Marvel,123,2019,6.8,64.0,Anna Boden,Ryan Fleck
623,Men in Black 3,106,2012,6.8,58.0,Barry Sonnenfeld,
624,The Maze Runner,113,2014,6.8,57.0,Wes Ball,
625,The Book of Eli,118,2010,6.8,53.0,Albert Hughes,Allen Hughes
626,Tron,125,2010,6.8,49.0,Joseph Kosinski,
627,What Happened to Monday,123,2017,6.8,47.0,Tommy Wirkola,
628,Spectre,148,2015,6.8,60.0,Sam Mendes,
629,Boss Level,100,2020,6.8,56.0,Joe Carnahan,
630,Bad Boys,119,1995,6.8,41.0,Michael Bay,
631,Kisi Ka Bhai Kisi Ki Jaan,145,2023,6.8,,Farhad Samji,
632,The Long Kiss Goodnight,121,1996,6.8,44.0,Renny Harlin,
633,The Island,136,2005,6.8,50.0,Michael Bay,
634,News of the World,118,2020,6.8,73.0,Paul Greengrass,
635,The Transporter,92,2002,6.8,51.0,Louis Leterrier,Corey Yuen
636,Hellboy,122,2004,6.8,72.0,Guillermo del Toro,
637,The Outpost,123,2019,6.8,71.0,Rod Lurie,
638,Chappie,120,2015,6.8,41.0,Neill Blomkamp,
639,Ghostbusters,117,2016,6.8,60.0,Paul Feig,
640,Bloodsport,92,1988,6.8,29.0,Newt Arnold,
641,Young Guns,107,1988,6.8,50.0,Christopher Cain,
642,The Mask of Zorro,136,1998,6.8,63.0,Martin Campbell,
643,Logan's Run,119,1976,6.8,53.0,Michael Anderson,
644,Hanna,111,2011,6.8,65.0,Joe Wright,
645,Patriot Games,117,1992,6.8,64.0,Phillip Noyce,
646,Superman II,127,1980,6.8,83.0,Richard Lester,Richard Donner
647,Unstoppable,98,2010,6.8,69.0,Tony Scott,
648,You Only Live Twice,117,1967,6.8,61.0,Lewis Gilbert,
649,Street Kings,109,2008,6.8,55.0,David Ayer,
650,The Score,124,2001,6.8,71.0,Frank Oz,
651,Shin Gojira,120,2016,6.8,67.0,Hideaki Anno,Shinji Higuchi
652,Four Brothers,109,2005,6.8,49.0,John Singleton,
653,Innerspace,120,1987,6.8,66.0,Joe Dante,
654,Spies in Disguise,102,2019,6.8,54.0,Nick Bruno,Troy Quane
655,Dog Soldiers,105,2002,6.8,,Neil Marshall,
656,Tres metros sobre el cielo,118,2010,6.8,,Fernando González Molina,
657,Unknown,113,2011,6.8,56.0,Jaume Collet-Serra,
658,El mariachi,81,1992,6.8,73.0,Robert Rodriguez,
659,Enemy Mine,108,1985,6.8,59.0,Wolfgang Petersen,
660,Tristan + Isolde,125,2006,6.8,49.0,Kevin Reynolds,
661,Harsh Times,116,2005,6.8,56.0,David Ayer,
662,Green Zone,115,2010,6.8,63.0,Paul Greengrass,
663,We Own the Night,117,2007,6.8,59.0,James Gray,
664,Ngo si seoi,120,1998,6.8,,Benny Chan,Jackie Chan
665,Død snø 2,100,2014,6.8,59.0,Tommy Wirkola,
666,Black Panther: Wakanda Forever,161,2022,6.7,67.0,Ryan Coogler,
667,Extraction,116,2020,6.7,56.0,Sam Hargrave,
668,Kingsman: The Golden Circle,141,2017,6.7,44.0,Matthew Vaughn,
669,Black Widow,134,2021,6.7,68.0,Cate Shortland,
670,Jumanji: The Next Level,123,2019,6.7,58.0,Jake Kasdan,
671,Violent Night,112,2022,6.7,55.0,Tommy Wirkola,
672,In Time,109,2011,6.7,53.0,Andrew Niccol,
673,Safe House,115,2012,6.7,52.0,Daniel Espinosa,
674,The Running Man,101,1987,6.7,45.0,Paul Michael Glaser,
675,Road House,114,1989,6.7,36.0,Rowdy Herrington,
676,The Adam Project,106,2022,6.7,55.0,Shawn Levy,
677,Bumblebee,114,2018,6.7,66.0,Travis Knight,
678,No Escape,103,2015,6.7,38.0,John Erick Dowdle,
679,Warcraft,123,2016,6.7,32.0,Duncan Jones,
680,Armageddon,151,1998,6.7,42.0,Michael Bay,
681,The Equalizer 2,121,2018,6.7,50.0,Antoine Fuqua,
682,The Wolverine,126,2013,6.7,61.0,James Mangold,
683,Commando,90,1985,6.7,51.0,Mark L. Lester,
684,Midway,138,2019,6.7,47.0,Roland Emmerich,
685,The A-Team,117,2010,6.7,47.0,Joe Carnahan,
686,King Arthur: Legend of the Sword,126,2017,6.7,41.0,Guy Ritchie,
687,Atomic Blonde,115,2017,6.7,63.0,David Leitch,
688,Backdraft,137,1991,6.7,38.0,Ron Howard,
689,Wanted,110,2008,6.7,64.0,Timur Bekmambetov,
690,Enola Holmes 2,129,2022,6.7,64.0,Harry Bradbeer,
691,Super,96,2010,6.7,50.0,James Gunn,
692,Teenage Mutant Ninja Turtles,93,1990,6.7,51.0,Steve Barron,
693,Zombieland: Double Tap,99,2019,6.7,55.0,Ruben Fleischer,
694,Blade II,117,2002,6.7,52.0,Guillermo del Toro,
695,Tron,96,1982,6.7,58.0,Steven Lisberger,
696,Demolition Man,115,1993,6.7,34.0,Marco Brambilla,
697,The Matrix Revolutions,129,2003,6.7,47.0,Lana Wachowski,Lilly Wachowski
698,Escape Plan,115,2013,6.7,49.0,Mikael Håfström,
699,2 Guns,109,2013,6.7,55.0,Baltasar Kormákur,
700,Angels & Demons,138,2009,6.7,48.0,Ron Howard,
701,Out of the Furnace,116,2013,6.7,63.0,Scott Cooper,
702,Pandorum,108,2009,6.7,28.0,Christian Alvart,
703,Hot Shots!,84,1991,6.7,61.0,Jim Abrahams,
704,Colors,120,1988,6.7,66.0,Dennis Hopper,
705,The Living Daylights,130,1987,6.7,59.0,John Glen,
706,Live and Let Die,121,1973,6.7,55.0,Guy Hamilton,
707,Wyatt Earp,191,1994,6.7,47.0,Lawrence Kasdan,
708,Absolute Power,121,1997,6.7,52.0,Clint Eastwood,
709,Jungle,115,2017,6.7,48.0,Greg McLean,
710,The Last Starfighter,101,1984,6.7,67.0,Nick Castle,
711,On Her Majesty's Secret Service,142,1969,6.7,61.0,Peter R. Hunt,
712,For Your Eyes Only,127,1981,6.7,54.0,John Glen,
713,Conspiracy Theory,135,1997,6.7,49.0,Richard Donner,
714,The Man with the Golden Gun,125,1974,6.7,43.0,Guy Hamilton,
715,Pete's Dragon,102,2016,6.7,71.0,David Lowery,
716,The Grey,117,2011,6.7,64.0,Joe Carnahan,
717,Hardcore Henry,96,2015,6.7,51.0,Ilya Naishuller,
718,The Finest Hours,117,2016,6.7,58.0,Craig Gillespie,
719,Hamburger Hill,110,1987,6.7,64.0,John Irvin,
720,Underworld: Evolution,106,2006,6.7,36.0,Len Wiseman,
721,Gangster Squad,113,2013,6.7,40.0,Ruben Fleischer,
722,Hung fan kui,104,1995,6.7,61.0,Stanley Tong,
723,Harriet,125,2019,6.7,66.0,Kasi Lemmons,
724,Brooklyn's Finest,132,2009,6.7,43.0,Antoine Fuqua,
725,Lethal Weapon 3,118,1992,6.7,40.0,Richard Donner,
726,Death Sentence,105,2007,6.7,36.0,James Wan,
727,The Enforcer,96,1976,6.7,58.0,James Fargo,
728,The Salvation,92,2014,6.7,64.0,Kristian Levring,
729,Ransom,121,1996,6.7,60.0,Ron Howard,
730,The Brothers Bloom,114,2008,6.7,55.0,Rian Johnson,
731,Appaloosa,115,2008,6.7,64.0,Ed Harris,
732,Hidalgo,136,2004,6.7,54.0,Joe Johnston,
733,Machine Gun Preacher,129,2011,6.7,43.0,Marc Forster,
734,Tales from the Crypt: Demon Knight,92,1995,6.7,48.0,Ernest R. Dickerson,
735,Blood and Bone,93,2009,6.7,,Ben Ramsey,
736,The Brave One,122,2007,6.7,56.0,Neil Jordan,
737,Nothing to Lose,98,1997,6.7,,Steve Oedekerk,
738,Om Shanti Om,162,2007,6.7,,Farah Khan,
739,Stakeout,117,1987,6.7,69.0,John Badham,
740,Turbo Kid,93,2015,6.7,60.0,François Simard,"Anouk Whissell,Yoann-Karl Whissell"
741,Wild Target,98,2010,6.7,41.0,Jonathan Lynn,
742,Antim: The Final Truth,138,2021,6.7,,Mahesh Manjrekar,
743,The Fate of the Furious,136,2017,6.6,56.0,F. Gary Gray,
744,Venom,112,2018,6.6,35.0,Ruben Fleischer,
745,The Other Guys,107,2010,6.6,64.0,Adam McKay,
746,Divergent,139,2014,6.6,48.0,Neil Burger,
747,Star Wars: Episode II - Attack of the Clones,142,2002,6.6,54.0,George Lucas,
748,Red Sparrow,140,2018,6.6,53.0,Francis Lawrence,
749,Pirates of the Caribbean: On Stranger Tides,137,2011,6.6,45.0,Rob Marshall,
750,Resident Evil,100,2002,6.6,33.0,Paul W.S. Anderson,
751,Austin Powers: The Spy Who Shagged Me,95,1999,6.6,59.0,Jay Roach,
752,John Carter,132,2012,6.6,51.0,Andrew Stanton,
753,Kong: Skull Island,118,2017,6.6,62.0,Jordan Vogt-Roberts,
754,Ender's Game,114,2013,6.6,51.0,Gavin Hood,
755,The Old Guard,125,2020,6.6,70.0,Gina Prince-Bythewood,
756,The Incredible Hulk,112,2008,6.6,61.0,Louis Leterrier,
757,Smokin' Aces,109,2006,6.6,45.0,Joe Carnahan,
758,Enola Holmes,123,2020,6.6,68.0,Harry Bradbeer,
759,Crocodile Dundee,97,1986,6.6,62.0,Peter Faiman,
760,The Amazing Spider-Man 2,142,2014,6.6,53.0,Marc Webb,
761,Licence to Kill,133,1989,6.6,58.0,John Glen,
762,The Chronicles of Riddick,119,2004,6.6,38.0,David Twohy,
763,Quantum of Solace,106,2008,6.6,58.0,Marc Forster,
764,The Hunger Games: Mockingjay - Part 1,123,2014,6.6,64.0,Francis Lawrence,
765,Hunter Killer,121,2018,6.6,43.0,Donovan Marsh,
766,The Harder They Fall,139,2021,6.6,68.0,Jeymes Samuel,
767,Jungle Cruise,127,2021,6.6,50.0,Jaume Collet-Serra,
768,Anna,118,2019,6.6,40.0,Luc Besson,
769,Jason Bourne,123,2016,6.6,58.0,Paul Greengrass,
770,X-Men: The Last Stand,104,2006,6.6,58.0,Brett Ratner,
771,Robin Hood,140,2010,6.6,53.0,Ridley Scott,
772,The Rundown,104,2003,6.6,59.0,Peter Berg,
773,Tears of the Sun,121,2003,6.6,48.0,Antoine Fuqua,
774,Elysium,109,2013,6.6,61.0,Neill Blomkamp,
775,Prince of Persia: The Sands of Time,116,2010,6.6,50.0,Mike Newell,
776,The 13th Warrior,102,1999,6.6,42.0,John McTiernan,Michael Crichton
777,Rush Hour 2,90,2001,6.6,48.0,Brett Ratner,
778,Machete,105,2010,6.6,60.0,Ethan Maniquis,Robert Rodriguez
779,Adrift,96,2018,6.6,56.0,Baltasar Kormákur,
780,RED 2,116,2013,6.6,47.0,Dean Parisot,
781,30 Days of Night,113,2007,6.6,53.0,David Slade,
782,Run All Night,114,2015,6.6,59.0,Jaume Collet-Serra,
783,The Aeronauts,100,2019,6.6,60.0,Tom Harper,
784,Flushed Away,85,2006,6.6,74.0,David Bowers,Sam Fell
785,The Heat,117,2013,6.6,60.0,Paul Feig,
786,The Lego Movie 2: The Second Part,107,2019,6.6,65.0,Mike Mitchell,
787,Outbreak,127,1995,6.6,64.0,Wolfgang Petersen,
788,The Expendables 2,103,2012,6.6,51.0,Simon West,
789,Epic,102,2013,6.6,52.0,Chris Wedge,
790,Star Trek III: The Search for Spock,105,1984,6.6,56.0,Leonard Nimoy,
791,The Bourne Legacy,135,2012,6.6,61.0,Tony Gilroy,
792,Bad Boys II,147,2003,6.6,38.0,Michael Bay,
793,Overlord,110,2018,6.6,60.0,Julius Avery,
794,Joy Ride,97,2001,6.6,75.0,John Dahl,
795,The Informer,113,2019,6.6,61.0,Andrea Di Stefano,
796,Attack the Block,88,2011,6.6,75.0,Joe Cornish,
797,Sudden Impact,117,1983,6.6,52.0,Clint Eastwood,
798,Penguins of Madagascar,92,2014,6.6,53.0,Eric Darnell,Simon J. Smith
799,The Girl with All the Gifts,111,2016,6.6,67.0,Colm McCarthy,
800,Ghostbusters II,108,1989,6.6,56.0,Ivan Reitman,
801,Shanghai Noon,110,2000,6.6,77.0,Tom Dey,
802,Hot Shots! Part Deux,86,1993,6.6,64.0,Jim Abrahams,
803,Star Trek: Generations,118,1994,6.6,55.0,David Carson,
804,Rollerball,125,1975,6.6,56.0,Norman Jewison,
805,Black Rain,125,1989,6.6,56.0,Ridley Scott,
806,Eagle Eye,118,2008,6.6,43.0,D.J. Caruso,
807,U-571,116,2000,6.6,62.0,Jonathan Mostow,
808,The Art of Self-Defense,104,2019,6.6,65.0,Riley Stearns,
809,Kiss of the Dragon,98,2001,6.6,58.0,Chris Nahon,
810,Titan A.E.,94,2000,6.6,48.0,Don Bluth,Gary Goldman
811,Shoot 'Em Up,86,2007,6.6,49.0,Michael Davis,
812,New Jack City,97,1991,6.6,61.0,Mario Van Peebles,
813,21 Bridges,99,2019,6.6,51.0,Brian Kirk,
814,Outland,109,1981,6.6,48.0,Peter Hyams,
815,The Final Countdown,103,1980,6.6,51.0,Don Taylor,
816,Courage Under Fire,116,1996,6.6,77.0,Edward Zwick,
817,Bølgen,105,2015,6.6,68.0,Roar Uthaug,
818,Man on a Ledge,102,2012,6.6,40.0,Asger Leth,
819,Alpha,96,2018,6.6,63.0,Albert Hughes,
820,Lethal Weapon 4,127,1998,6.6,37.0,Richard Donner,
821,The Recruit,115,2003,6.6,56.0,Roger Donaldson,
822,Edge of Darkness,117,2010,6.6,55.0,Martin Campbell,
823,The Way of the Gun,119,2000,6.6,49.0,Christopher McQuarrie,
824,Vantage Point,90,2008,6.6,40.0,Pete Travis,
825,16 Blocks,102,2006,6.6,63.0,Richard Donner,
826,Raees,143,2017,6.6,,Rahul Dholakia,
827,Seraphim Falls,115,2006,6.6,62.0,David Von Ancken,
828,L'immortel,117,2010,6.6,,Richard Berry,
829,Wasabi,94,2001,6.6,53.0,Gérard Krawczyk,
830,Wanted,147,2009,6.6,,Prabhu Deva,
831,Fast & Furious,107,2009,6.5,46.0,Justin Lin,
832,Plane,107,2023,6.5,62.0,Jean-François Richet,
833,Fast & Furious Presents: Hobbs & Shaw,137,2019,6.5,60.0,David Leitch,
834,The Gray Man,122,2022,6.5,49.0,Anthony Russo,Joe Russo
835,Star Wars: Episode I - The Phantom Menace,136,1999,6.5,51.0,George Lucas,
836,Star Wars: Episode IX - The Rise of Skywalker,141,2019,6.5,53.0,J.J. Abrams,
837,The Hunt,90,2020,6.5,50.0,Craig Zobel,
838,The Tomorrow War,138,2021,6.5,45.0,Chris McKay,
839,Pirates of the Caribbean: Dead Men Tell No Tales,129,2017,6.5,39.0,Joachim Rønning,Espen Sandberg
840,Homefront,100,2013,6.5,40.0,Gary Fleder,
841,Pokémon: Detective Pikachu,104,2019,6.5,53.0,Rob Letterman,
842,Sonic the Hedgehog 2,122,2022,6.5,47.0,Jeff Fowler,
843,Tag,100,2018,6.5,56.0,Jeff Tomsic,
844,Sonic the Hedgehog,99,2020,6.5,47.0,Jeff Fowler,
845,The Lost World: Jurassic Park,129,1997,6.5,59.0,Steven Spielberg,
846,Olympus Has Fallen,119,2013,6.5,41.0,Antoine Fuqua,
847,Gone in Sixty Seconds,118,2000,6.5,35.0,Dominic Sena,
848,Bad Boys for Life,124,2020,6.5,59.0,Adil El Arbi,Bilall Fallah
849,The Hunger Games: Mockingjay - Part 2,137,2015,6.5,65.0,Francis Lawrence,
850,X-Men Origins: Wolverine,107,2009,6.5,40.0,Gavin Hood,
851,War of the Worlds,116,2005,6.5,73.0,Steven Spielberg,
852,Mandy,121,2018,6.5,82.0,Panos Cosmatos,
853,Swordfish,99,2001,6.5,32.0,Dominic Sena,
854,Flash Gordon,111,1980,6.5,58.0,Mike Hodges,
855,12 Strong,130,2018,6.5,54.0,Nicolai Fuglsig,
856,The Mechanic,93,2011,6.5,49.0,Simon West,
857,The Quick and the Dead,108,1995,6.5,49.0,Sam Raimi,
858,Mr. & Mrs. Smith,120,2005,6.5,55.0,Doug Liman,
859,The Chronicles of Narnia: Prince Caspian,150,2008,6.5,62.0,Andrew Adamson,
860,Cliffhanger,113,1993,6.5,60.0,Renny Harlin,
861,Beverly Hills Cop II,100,1987,6.5,48.0,Tony Scott,
862,The Spiderwick Chronicles,96,2008,6.5,62.0,Mark Waters,
863,Sin City: A Dame to Kill For,102,2014,6.5,46.0,Frank Miller,Robert Rodriguez
864,Tomorrow Never Dies,119,1997,6.5,52.0,Roger Spottiswoode,
865,Kick-Ass 2,103,2013,6.5,41.0,Jeff Wadlow,
866,Terminator Salvation,115,2009,6.5,49.0,McG,
867,Rambo: First Blood Part II,96,1985,6.5,47.0,George P. Cosmatos,
868,The Forbidden Kingdom,104,2008,6.5,57.0,Rob Minkoff,
869,Air Force One,124,1997,6.5,61.0,Wolfgang Petersen,
870,The Man in the Iron Mask,132,1998,6.5,48.0,Randall Wallace,
871,A Walk Among the Tombstones,114,2014,6.5,57.0,Scott Frank,
872,The Interview,112,2014,6.5,52.0,Evan Goldberg,Seth Rogen
873,The Perfect Storm,130,2000,6.5,59.0,Wolfgang Petersen,
874,Under Siege,103,1992,6.5,58.0,Andrew Davis,
875,Never Back Down,113,2008,6.5,39.0,Jeff Wadlow,
876,Space Cowboys,130,2000,6.5,73.0,Clint Eastwood,
877,Nerve,96,2016,6.5,58.0,Henry Joost,Ariel Schulman
878,The Rocketeer,108,1991,6.5,61.0,Joe Johnston,
879,Peppermint,101,2018,6.5,29.0,Pierre Morel,
880,Octopussy,131,1983,6.5,63.0,John Glen,
881,Diamonds Are Forever,120,1971,6.5,59.0,Guy Hamilton,
882,Get Smart,110,2008,6.5,54.0,Peter Segal,
883,Safe,94,2012,6.5,55.0,Boaz Yakin,
884,U.S. Marshals,131,1998,6.5,47.0,Stuart Baird,
885,National Treasure: Book of Secrets,124,2007,6.5,48.0,Jon Turteltaub,
886,Underworld: Rise of the Lycans,92,2009,6.5,44.0,Patrick Tatopoulos,
887,Batman: The Movie,105,1966,6.5,71.0,Leslie H. Martinson,
888,Executive Decision,133,1996,6.5,62.0,Stuart Baird,
889,Young Guns II,104,1990,6.5,47.0,Geoff Murphy,
890,Self/less,117,2015,6.5,34.0,Tarsem Singh,
891,The International,118,2009,6.5,52.0,Tom Tykwer,
892,Cellular,94,2004,6.5,60.0,David R. Ellis,
893,Premium Rush,91,2012,6.5,66.0,David Koepp,
894,Yi dai zong shi,130,2013,6.5,73.0,Kar-Wai Wong,
895,Seungriho,136,2021,6.5,64.0,Sung-hee Jo,
896,Hostage,113,2005,6.5,44.0,Florent-Emilio Siri,
897,Flyboys,140,2006,6.5,47.0,Tony Bill,
898,Heist,109,2001,6.5,66.0,David Mamet,
899,The Four Feathers,132,2002,6.5,49.0,Shekhar Kapur,
900,Ladder 49,115,2004,6.5,47.0,Jay Russell,
901,War,154,2019,6.5,,Siddharth Anand,
902,Spartan,106,2004,6.5,60.0,David Mamet,
903,Banlieue 13: Ultimatum,101,2009,6.5,64.0,Patrick Alessandrin,
904,Dhoom:2,152,2006,6.5,,Sanjay Gadhvi,
905,Taxi 2,88,2000,6.5,,Gérard Krawczyk,
906,Fetih 1453,162,2012,6.5,,Faruk Aksoy,
907,Valerian and the City of a Thousand Planets,136,2017,6.4,51.0,Luc Besson,
908,Twister,113,1996,6.4,68.0,Jan de Bont,
909,Escape Room,99,2019,6.4,48.0,Adam Robitel,
910,The Punisher,124,2004,6.4,33.0,Jonathan Hensleigh,
911,Lucy,89,2014,6.4,61.0,Luc Besson,
912,Last Action Hero,130,1993,6.4,44.0,John McTiernan,
913,The Day After Tomorrow,124,2004,6.4,47.0,Roland Emmerich,
914,Batman v Superman: Dawn of Justice,151,2016,6.4,44.0,Zack Snyder,
915,Triple Frontier,125,2019,6.4,61.0,J.C. Chandor,
916,Greenland,119,2020,6.4,64.0,Ric Roman Waugh,
917,Godzilla,123,2014,6.4,62.0,Gareth Edwards,
918,Tomorrowland,130,2015,6.4,60.0,Brad Bird,
919,Riddick,119,2013,6.4,49.0,David Twohy,
920,Death Race,105,2008,6.4,43.0,Paul W.S. Anderson,
921,The Mummy Returns,130,2001,6.4,48.0,Stephen Sommers,
922,The Sum of All Fears,124,2002,6.4,45.0,Phil Alden Robinson,
923,Angel Has Fallen,121,2019,6.4,45.0,Ric Roman Waugh,
924,Army of Thieves,127,2021,6.4,49.0,Matthias Schweighöfer,
925,Revenge,108,2017,6.4,81.0,Coralie Fargeat,
926,Alien³,114,1992,6.4,59.0,David Fincher,
927,The Expendables,103,2010,6.4,45.0,Sylvester Stallone,
928,Predators,107,2010,6.4,51.0,Nimród Antal,
929,Need for Speed,132,2014,6.4,39.0,Scott Waugh,
930,Hancock,92,2008,6.4,49.0,Peter Berg,
931,The Three Musketeers,105,1993,6.4,43.0,Stephen Herek,
932,Now You See Me 2,129,2016,6.4,46.0,Jon M. Chu,
933,The World Is Not Enough,128,1999,6.4,57.0,Michael Apted,
934,Colombiana,108,2011,6.4,45.0,Olivier Megaton,
935,Salt,100,2010,6.4,65.0,Phillip Noyce,
936,Savages,131,2012,6.4,59.0,Oliver Stone,
937,Pain & Gain,129,2013,6.4,45.0,Michael Bay,
938,Faster,98,2010,6.4,44.0,George Tillman Jr.,
939,Way Down,118,2021,6.4,50.0,Jaume Balagueró,
940,Rat Race,112,2001,6.4,52.0,Jerry Zucker,
941,Monsters vs. Aliens,94,2009,6.4,56.0,Rob Letterman,Conrad Vernon
942,Tango & Cash,104,1989,6.4,41.0,Andrey Konchalovskiy,Albert Magnoli
943,Star Trek: Nemesis,116,2002,6.4,51.0,Stuart Baird,
944,The Lone Ranger,150,2013,6.4,37.0,Gore Verbinski,
945,Here Comes the Boom,105,2012,6.4,40.0,Frank Coraci,
946,The Taking of Pelham 123,106,2009,6.4,55.0,Tony Scott,
947,Kickboxer,97,1989,6.4,33.0,Mark DiSalle,David Worth
948,The Purge: Anarchy,103,2014,6.4,50.0,James DeMonaco,
949,Star Trek: Insurrection,103,1998,6.4,64.0,Jonathan Frakes,
950,The Jackal,124,1997,6.4,36.0,Michael Caton-Jones,
951,Chaos,106,2005,6.4,,Tony Giglio,
952,The Angry Birds Movie 2,97,2019,6.4,60.0,Thurop Van Orman,John Rice
953,DragonHeart,103,1996,6.4,49.0,Rob Cohen,
954,Behind Enemy Lines,106,2001,6.4,49.0,John Moore,
955,Killer Elite,116,2011,6.4,44.0,Gary McKendry,
956,Live by Night,129,2016,6.4,49.0,Ben Affleck,
957,Darkman,96,1990,6.4,65.0,Sam Raimi,
958,Kill List,95,2011,6.4,67.0,Ben Wheatley,
959,Act of Valor,110,2012,6.4,40.0,Mike McCoy,Scott Waugh
960,The Siege,116,1998,6.4,53.0,Edward Zwick,
961,Let's Be Cops,104,2014,6.4,30.0,Luke Greenfield,
962,Daybreakers,98,2009,6.4,57.0,Michael Spierig,Peter Spierig
963,The Omega Man,98,1971,6.4,56.0,Boris Sagal,
964,Shaft,111,2019,6.4,40.0,Tim Story,
965,Snitch,112,2013,6.4,51.0,Ric Roman Waugh,
966,Contraband,109,2012,6.4,51.0,Baltasar Kormákur,
967,The Prophecy,98,1995,6.4,44.0,Gregory Widen,
968,The Rover,103,2014,6.4,64.0,David Michôd,
969,Blood Father,88,2016,6.4,66.0,Jean-François Richet,
970,Just Cause,102,1995,6.4,48.0,Arne Glimcher,
971,Black Death,102,2010,6.4,71.0,Christopher Smith,
972,Batman: The Killing Joke,76,2016,6.4,,Sam Liu,
973,Dead Man Down,118,2013,6.4,39.0,Niels Arden Oplev,
974,Lock Up,109,1989,6.4,52.0,John Flynn,
975,Last Man Standing,101,1996,6.4,44.0,Walter Hill,
976,Black and Blue,108,2019,6.4,54.0,Deon Taylor,
977,Basic,98,2003,6.4,34.0,John McTiernan,
978,Son of a Gun,108,2014,6.4,49.0,Julius Avery,
979,Final Fantasy: The Spirits Within,106,2001,6.4,49.0,Hironobu Sakaguchi,Motonori Sakakibara
980,From Paris with Love,92,2010,6.4,42.0,Pierre Morel,
981,Blood Work,110,2002,6.4,64.0,Clint Eastwood,
982,How I Live Now,101,2013,6.4,57.0,Kevin Macdonald,
983,Ned Kelly,110,2003,6.4,56.0,Gregor Jordan,
984,Nochnoy dozor,114,2004,6.4,58.0,Timur Bekmambetov,
985,Baiohazâdo: Dijenerêshon,97,2008,6.4,,Makoto Kamiya,
986,Dnevnoy dozor,132,2006,6.4,59.0,Timur Bekmambetov,
987,Redirected,99,2014,6.4,,Emilis Velyvis,
988,Fast X,141,2023,6.3,55.0,Louis Leterrier,
989,Operation Fortune: Ruse de Guerre,114,2023,6.3,51.0,Guy Ritchie,
990,King Arthur,126,2004,6.3,46.0,Antoine Fuqua,
991,Black Adam,125,2022,6.3,41.0,Jaume Collet-Serra,
992,Eternals,156,2021,6.3,52.0,Chloé Zhao,
993,Dune,137,1984,6.3,41.0,David Lynch,
994,Uncharted,116,2022,6.3,45.0,Ruben Fleischer,
995,The King's Man,131,2021,6.3,44.0,Matthew Vaughn,
996,Spider-Man 3,139,2007,6.3,59.0,Sam Raimi,
997,Red Notice,118,2021,6.3,37.0,Rawson Marshall Thurber,
998,Godzilla vs. Kong,113,2021,6.3,59.0,Adam Wingard,
999,Central Intelligence,107,2016,6.3,52.0,Rawson Marshall Thurber,
1000,Sky High,100,2005,6.3,62.0,Mike Mitchell,
1001,Terminator Genisys,126,2015,6.3,38.0,Alan Taylor,
1002,Ocean's Eight,110,2018,6.3,61.0,Gary Ross,
1003,The Last Stand,107,2013,6.3,54.0,Jee-woon Kim,
1004,Polar,118,2019,6.3,19.0,Jonas Åkerlund,
1005,Tomb Raider,119,2018,6.3,48.0,Roar Uthaug,
1006,White House Down,131,2013,6.3,52.0,Roland Emmerich,
1007,Terminator 3: Rise of the Machines,109,2003,6.3,66.0,Jonathan Mostow,
1008,Ghost in the Shell,107,2017,6.3,52.0,Rupert Sanders,
1009,The Bodyguard,129,1992,6.3,39.0,Mick Jackson,
1010,Knight and Day,109,2010,6.3,46.0,James Mangold,
1011,Waterworld,135,1995,6.3,56.0,Kevin Reynolds,
1012,A View to a Kill,131,1985,6.3,40.0,John Glen,
1013,Miss Congeniality,109,2000,6.3,43.0,Donald Petrie,
1014,The Shallows,86,2016,6.3,59.0,Jaume Collet-Serra,
1015,Criminal,113,2016,6.3,36.0,Ariel Vromen,
1016,Every Which Way But Loose,114,1978,6.3,41.0,James Fargo,
1017,The American,105,2010,6.3,61.0,Anton Corbijn,
1018,Run Hide Fight,109,2020,6.3,13.0,Kyle Rankin,
1019,Red Dawn,114,1984,6.3,53.0,John Milius,
1020,My Spy,99,2020,6.3,46.0,Peter Segal,
1021,Maze Runner: The Scorch Trials,131,2015,6.3,43.0,Wes Ball,
1022,Once Upon a Time in Mexico,102,2003,6.3,56.0,Robert Rodriguez,
1023,Scouts Guide to the Zombie Apocalypse,93,2015,6.3,32.0,Christopher Landon,
1024,Death Wish,107,2018,6.3,31.0,Eli Roth,
1025,Bright,117,2017,6.3,29.0,David Ayer,
1026,Beowulf,115,2007,6.3,59.0,Robert Zemeckis,
1027,Spectral,107,2016,6.3,,Nic Mathieu,
1028,Ninja Assassin,99,2009,6.3,34.0,James McTeigue,
1029,Bastille Day,92,2016,6.3,48.0,James Watkins,
1030,The Commuter,104,2018,6.3,56.0,Jaume Collet-Serra,
1031,Sand Castle,113,2017,6.3,45.0,Fernando Coimbra,
1032,Predator 2,108,1990,6.3,46.0,Stephen Hopkins,
1033,Triple 9,115,2016,6.3,52.0,John Hillcoat,
1034,The Collector,90,2009,6.3,29.0,Marcus Dunstan,
1035,Angry Birds,97,2016,6.3,43.0,Clay Kaytis,Fergal Reilly
1036,Unlocked,98,2017,6.3,46.0,Michael Apted,
1037,Guns Akimbo,98,2019,6.3,42.0,Jason Howden,
1038,Osmosis Jones,95,2001,6.3,57.0,Bobby Farrelly,Peter Farrelly
1039,Surrogates,89,2009,6.3,45.0,Jonathan Mostow,
1040,The Dead Pool,91,1988,6.3,46.0,Buddy Van Horn,
1041,The Black Cauldron,80,1985,6.3,59.0,Ted Berman,Richard Rich
1042,#Saraitda,98,2020,6.3,,Il Cho,
1043,Transporter 2,87,2005,6.3,56.0,Louis Leterrier,
1044,Entrapment,113,1999,6.3,54.0,Jon Amiel,
1045,Revolver,111,2005,6.3,25.0,Guy Ritchie,
1046,Free Fire,91,2016,6.3,63.0,Ben Wheatley,
1047,Paycheck,119,2003,6.3,43.0,John Woo,
1048,This Means War,103,2012,6.3,31.0,McG,
1049,Blue Streak,93,1999,6.3,46.0,Les Mayfield,
1050,Centurion,97,2010,6.3,62.0,Neil Marshall,
1051,Assassins,133,1995,6.3,,Richard Donner,
1052,Johnny English Reborn,101,2011,6.3,46.0,Oliver Parker,
1053,Mr. Right,95,2015,6.3,52.0,Paco Cabezas,
1054,Risen,107,2016,6.3,51.0,Kevin Reynolds,
1055,Underworld: Awakening,88,2012,6.3,39.0,Måns Mårlind,Björn Stein
1056,Repo Men,111,2010,6.3,32.0,Miguel Sapochnik,
1057,Escape from the Planet of the Apes,98,1971,6.3,69.0,Don Taylor,
1058,Assault on Precinct 13,109,2005,6.3,54.0,Jean-François Richet,
1059,Nick of Time,90,1995,6.3,,John Badham,
1060,The 51st State,93,2001,6.3,23.0,Ronny Yu,
1061,Proof of Life,135,2000,6.3,45.0,Taylor Hackford,
1062,ARQ,88,2016,6.3,,Tony Elliott,
1063,7500,93,2019,6.3,58.0,Patrick Vollrath,
1064,The Necessary Death of Charlie Countryman,103,2013,6.3,31.0,Fredrik Bond,
1065,Toofaan,163,2021,6.3,,Rakeysh Omprakash Mehra,
1066,Ant-Man and the Wasp: Quantumania,124,2023,6.2,48.0,Peyton Reed,
1067,Mad Max Beyond Thunderdome,107,1985,6.2,71.0,George Miller,George Ogilvie
1068,Thor: Love and Thunder,118,2022,6.2,57.0,Taika Waititi,
1069,Indiana Jones and the Kingdom of the Crystal Skull,122,2008,6.2,65.0,Steven Spielberg,
1070,Kindergarten Cop,111,1990,6.2,61.0,Ivan Reitman,
1071,Terminator: Dark Fate,128,2019,6.2,54.0,Tim Miller,
1072,Pearl Harbor,183,2001,6.2,44.0,Michael Bay,
1073,Men in Black II,88,2002,6.2,49.0,Barry Sonnenfeld,
1074,Transformers: Dark of the Moon,154,2011,6.2,42.0,Michael Bay,
1075,Austin Powers in Goldmember,94,2002,6.2,62.0,Jay Roach,
1076,The Karate Kid,140,2010,6.2,61.0,Harald Zwart,
1077,Deep Impact,120,1998,6.2,40.0,Mimi Leder,
1078,Knowing,121,2009,6.2,41.0,Alex Proyas,
1079,The Legend of Tarzan,110,2016,6.2,44.0,David Yates,
1080,300: Rise of an Empire,102,2014,6.2,48.0,Noam Murro,
1081,Hitman,100,2007,6.2,35.0,Xavier Gens,
1082,Total Recall,118,2012,6.2,43.0,Len Wiseman,
1083,American Assassin,111,2017,6.2,45.0,Michael Cuesta,
1084,Kate,106,2021,6.2,47.0,Cedric Nicolas-Troyan,
1085,Reign of Fire,101,2002,6.2,39.0,Rob Bowman,
1086,Alien Resurrection,109,1997,6.2,63.0,Jean-Pierre Jeunet,
1087,Dracula Untold,92,2014,6.2,40.0,Gary Shore,
1088,Dick Tracy,105,1990,6.2,68.0,Warren Beatty,
1089,Transcendence,119,2014,6.2,42.0,Wally Pfister,
1090,Insurgent,119,2015,6.2,42.0,Robert Schwentke,
1091,3 Days to Kill,117,2014,6.2,40.0,McG,
1092,Grimsby,83,2016,6.2,44.0,Louis Leterrier,
1093,Small Soldiers,108,1998,6.2,,Joe Dante,
1094,In the Shadow of the Moon,115,2019,6.2,48.0,Jim Mickle,
1095,Rush Hour 3,91,2007,6.2,44.0,Brett Ratner,
1096,The Cannonball Run,95,1981,6.2,28.0,Hal Needham,
1097,Blown Away,121,1994,6.2,,Stephen Hopkins,
1098,Maze Runner: The Death Cure,143,2018,6.2,50.0,Wes Ball,
1099,Time Trap,87,2017,6.2,46.0,Mark Dennis,Ben Foster
1100,Spenser Confidential,111,2020,6.2,49.0,Peter Berg,
1101,Inferno,121,2016,6.2,42.0,Ron Howard,
1102,47 Ronin,128,2013,6.2,28.0,Carl Rinsch,
1103,Keanu,100,2016,6.2,63.0,Peter Atencio,
1104,Deliver Us from Evil,118,2014,6.2,40.0,Scott Derrickson,
1105,Hard Target,97,1993,6.2,63.0,John Woo,
1106,Shanghai Knights,114,2003,6.2,58.0,David Dobkin,
1107,Parker,118,2013,6.2,42.0,Taylor Hackford,
1108,The Losers,97,2010,6.2,44.0,Sylvain White,
1109,Zathura: A Space Adventure,101,2005,6.2,67.0,Jon Favreau,
1110,Moonraker,126,1979,6.2,66.0,Lewis Gilbert,
1111,Cold Pursuit,119,2019,6.2,57.0,Hans Petter Moland,
1112,Taken 2,92,2012,6.2,45.0,Olivier Megaton,
1113,Walking Tall,86,2004,6.2,44.0,Kevin Bray,
1114,Copshop,107,2021,6.2,61.0,Joe Carnahan,
1115,War,103,2007,6.2,36.0,Philip G. Atwell,
1116,Hummingbird,100,2013,6.2,43.0,Steven Knight,
1117,The Silencing,93,2020,6.2,,Robin Pront,
1118,Death Race 2000,80,1975,6.2,58.0,Paul Bartel,
1119,Jack the Giant Slayer,114,2013,6.2,51.0,Bryan Singer,
1120,Stuber,93,2019,6.2,42.0,Michael Dowse,
1121,Takers,107,2010,6.2,45.0,John Luessenhop,
1122,Jack Ryan: Shadow Recruit,105,2014,6.2,57.0,Kenneth Branagh,
1123,Tower Heist,104,2011,6.2,59.0,Brett Ratner,
1124,Captain Underpants: The First Epic Movie,89,2017,6.2,69.0,David Soren,
1125,The Wall,88,2017,6.2,57.0,Doug Liman,
1126,Rogue,99,2007,6.2,,Greg McLean,
1127,Next,96,2007,6.2,42.0,Lee Tamahori,
1128,Resident Evil: Extinction,94,2007,6.2,41.0,Russell Mulcahy,
1129,Johnny English,89,2003,6.2,51.0,Peter Howitt,
1130,Kung Pow: Enter the Fist,81,2002,6.2,14.0,Steve Oedekerk,
1131,Feast,95,2005,6.2,43.0,John Gulager,
1132,The Toxic Avenger,82,1984,6.2,42.0,Michael Herz,Lloyd Kaufman
1133,The Outsider,120,2018,6.2,30.0,Martin Zandvliet,
1134,Outlander,115,2008,6.2,40.0,Howard McCain,
1135,The Devil's Own,111,1997,6.2,53.0,Alan J. Pakula,
1136,The Saint,116,1997,6.2,50.0,Phillip Noyce,
1137,Lionheart,108,1990,6.2,41.0,Sheldon Lettich,
1138,Eraser,115,1996,6.2,56.0,Chuck Russell,
1139,TMNT,87,2007,6.2,41.0,Kevin Munroe,
1140,The Eagle,114,2011,6.2,55.0,Kevin Macdonald,
1141,Johnny English Strikes Again,89,2018,6.2,39.0,David Kerr,
1142,Astro Boy,94,2009,6.2,53.0,David Bowers,
1143,Destroyer,121,2018,6.2,62.0,Karyn Kusama,
1144,Rising Sun,125,1993,6.2,56.0,Philip Kaufman,
1145,After the Sunset,97,2004,6.2,38.0,Brett Ratner,
1146,Loaded Weapon 1,84,1993,6.2,30.0,Gene Quintano,
1147,The November Man,108,2014,6.2,38.0,Roger Donaldson,
1148,Gekijô-ban poketto monsutâ - Myûtsû no gyakushû,96,1998,6.2,35.0,Kunihiko Yuyama,
1149,The Boondock Saints II: All Saints Day,118,2009,6.2,24.0,Troy Duffy,
1150,Last Knights,115,2015,6.2,27.0,Kazuaki Kiriya,
1151,Money Talks,97,1997,6.2,,Brett Ratner,
1152,A Lonely Place to Die,99,2011,6.2,,Julian Gilbey,
1153,Yat goh ho yan,101,1997,6.2,,Sammo Kam-Bo Hung,
1154,The Warrior's Way,100,2010,6.2,45.0,Sngmoo Lee,
1155,Ong Bak 2,98,2008,6.2,47.0,Tony Jaa,Panna Rittikrai
1156,Tomiris,156,2019,6.2,,Akan Satayev,
1157,Dabangg,126,2010,6.2,,Abhinav Kashyap,
1158,San Andreas,114,2015,6.1,43.0,Brad Peyton,
1159,The Lost City,112,2022,6.1,60.0,Aaron Nee,Adam Nee
1160,Mission: Impossible II,123,2000,6.1,59.0,John Woo,
1161,Snow White and the Huntsman,127,2012,6.1,57.0,Rupert Sanders,
1162,Justice League,120,2017,6.1,45.0,Zack Snyder,
1163,Jack Reacher: Never Go Back,118,2016,6.1,47.0,Edward Zwick,
1164,Ambulance,136,2022,6.1,55.0,Michael Bay,
1165,6 Underground,128,2019,6.1,41.0,Michael Bay,
1166,Lou,107,2022,6.1,51.0,Anna Foerster,
1167,Day Shift,113,2022,6.1,51.0,J.J. Perry,
1168,Jurassic World: Fallen Kingdom,128,2018,6.1,51.0,J.A. Bayona,
1169,Mortal Engines,128,2018,6.1,44.0,Christian Rivers,
1170,The Sentinel,108,2006,6.1,49.0,Clark Johnson,
1171,Hitman's Wife's Bodyguard,100,2021,6.1,32.0,Patrick Hughes,
1172,Blood Red Sky,121,2021,6.1,43.0,Peter Thorwarth,
1173,Lifeforce,101,1985,6.1,50.0,Tobe Hooper,
1174,I Am Number Four,111,2011,6.1,36.0,D.J. Caruso,
1175,Lightyear,105,2022,6.1,60.0,Angus MacLane,
1176,Superman Returns,154,2006,6.1,72.0,Bryan Singer,
1177,RoboCop,117,2014,6.1,52.0,José Padilha,
1178,Rampage,107,2018,6.1,45.0,Brad Peyton,
1179,Code 8,98,2019,6.1,48.0,Jeff Chan,
1180,The Expendables 3,126,2014,6.1,35.0,Patrick Hughes,
1181,Crawl,87,2019,6.1,60.0,Alexandre Aja,
1182,Die Another Day,133,2002,6.1,56.0,Lee Tamahori,
1183,Rambo: Last Blood,89,2019,6.1,26.0,Adrian Grunberg,
1184,Push,111,2009,6.1,36.0,Paul McGuigan,
1185,Mile 22,94,2018,6.1,38.0,Peter Berg,
1186,Jumper,88,2008,6.1,35.0,Doug Liman,
1187,Days of Thunder,107,1990,6.1,60.0,Tony Scott,
1188,The Sorcerer's Apprentice,109,2010,6.1,46.0,Jon Turteltaub,
1189,Dora and the Lost City of Gold,102,2019,6.1,63.0,James Bobin,
1190,The Huntsman: Winter's War,114,2016,6.1,35.0,Cedric Nicolas-Troyan,
1191,Resident Evil: Apocalypse,94,2004,6.1,35.0,Alexander Witt,
1192,The Protégé,109,2021,6.1,48.0,Martin Campbell,
1193,Mystery Men,121,1999,6.1,65.0,Kinka Usher,
1194,The Postman,177,1997,6.1,29.0,Kevin Costner,
1195,Blitz,97,2011,6.1,,Elliott Lester,
1196,The Girl in the Spider's Web,115,2018,6.1,43.0,Fede Alvarez,
1197,Krull,116,1983,6.1,45.0,Peter Yates,
1198,Deep Rising,106,1998,6.1,,Stephen Sommers,
1199,Universal Soldier,102,1992,6.1,35.0,Roland Emmerich,
1200,Crank: High Voltage,96,2009,6.1,41.0,Mark Neveldine,Brian Taylor
1201,Hansel & Gretel: Witch Hunters,88,2013,6.1,23.0,Tommy Wirkola,
1202,Vampires,108,1998,6.1,42.0,John Carpenter,
1203,Never Say Never Again,134,1983,6.1,68.0,Irvin Kershner,
1204,The Karate Kid Part II,113,1986,6.1,55.0,John G. Avildsen,
1205,Hit and Run,100,2012,6.1,50.0,David Palmer,Dax Shepard
1206,Broken Arrow,108,1996,6.1,61.0,John Woo,
1207,The Promise,133,2016,6.1,49.0,Terry George,
1208,The Collection,82,2012,6.1,38.0,Marcus Dunstan,
1209,Windtalkers,134,2002,6.1,51.0,John Woo,
1210,Ride Along,99,2014,6.1,41.0,Tim Story,
1211,Sky Captain and the World of Tomorrow,106,2004,6.1,64.0,Kerry Conran,
1212,American Ultra,96,2015,6.1,50.0,Nima Nourizadeh,
1213,Red State,88,2011,6.1,50.0,Kevin Smith,
1214,Red Heat,104,1988,6.1,61.0,Walter Hill,
1215,Point of No Return,109,1993,6.1,53.0,John Badham,
1216,Heist,93,2015,6.1,37.0,Scott Mann,
1217,Sphere,134,1998,6.1,35.0,Barry Levinson,
1218,Romeo Must Die,115,2000,6.1,52.0,Andrzej Bartkowiak,
1219,Solomon Kane,104,2009,6.1,48.0,M.J. Bassett,
1220,Broken City,109,2013,6.1,49.0,Allen Hughes,
1221,Flight of the Phoenix,113,2004,6.1,47.0,John Moore,
1222,Hotel Artemis,94,2018,6.1,58.0,Drew Pearce,
1223,30 Minutes or Less,83,2011,6.1,49.0,Ruben Fleischer,
1224,Big Stan,105,2007,6.1,,Rob Schneider,
1225,The Jewel of the Nile,106,1985,6.1,53.0,Lewis Teague,
1226,Hobo with a Shotgun,86,2011,6.1,55.0,Jason Eisener,
1227,Ironclad,121,2011,6.1,42.0,Jonathan English,
1228,Undisputed,96,2002,6.1,58.0,Walter Hill,
1229,Conquest of the Planet of the Apes,88,1972,6.1,49.0,J. Lee Thompson,
1230,"Tomorrow, When the War Began",104,2010,6.1,54.0,Stuart Beattie,
1231,Mercury Rising,111,1998,6.1,37.0,Harold Becker,
1232,Gringo,111,2018,6.1,46.0,Nash Edgerton,
1233,Murder at 1600,107,1997,6.1,47.0,Dwight H. Little,
1234,The Replacement Killers,87,1998,6.1,42.0,Antoine Fuqua,
1235,15 Minutes,120,2001,6.1,34.0,John Herzfeld,
1236,Welcome to the Punch,99,2013,6.1,49.0,Eran Creevy,
1237,The Lovebirds,86,2020,6.1,59.0,Michael Showalter,
1238,Seeking Justice,105,2011,6.1,38.0,Roger Donaldson,
1239,Chennai Express,141,2013,6.1,45.0,Rohit Shetty,
1240,Antitrust,108,2001,6.1,31.0,Peter Howitt,
1241,Thunivu,145,2023,6.1,,H. Vinoth,
1242,Sooryavanshi,145,2021,6.1,,Rohit Shetty,
1243,2.0,148,2018,6.1,,S. Shankar,
1244,Shazam! Fury of the Gods,130,2023,6.0,47.0,David F. Sandberg,
1245,The Fast and the Furious: Tokyo Drift,104,2006,6.0,45.0,Justin Lin,
1246,Mortal Kombat,110,2021,6.0,44.0,Simon McQuoid,
1247,Birds of Prey and the Fantabulous Emancipation of One Harley Quinn,109,2020,6.0,60.0,Cathy Yan,
1248,Murder Mystery,97,2019,6.0,38.0,Kyle Newacheck,
1249,Exodus: Gods and Kings,150,2014,6.0,52.0,Ridley Scott,
1250,Van Helsing,131,2004,6.0,35.0,Stephen Sommers,
1251,Godzilla: King of the Monsters,132,2019,6.0,48.0,Michael Dougherty,
1252,S.W.A.T.,117,2003,6.0,45.0,Clark Johnson,
1253,Immortals,110,2011,6.0,46.0,Tarsem Singh,
1254,Sucker Punch,110,2011,6.0,33.0,Zack Snyder,
1255,Gunpowder Milkshake,114,2021,6.0,47.0,Navot Papushado,
1256,Speed Racer,135,2008,6.0,37.0,Lana Wachowski,Lilly Wachowski
1257,Hercules,98,2014,6.0,47.0,Brett Ratner,
1258,Unhinged,90,2020,6.0,40.0,Derrick Borte,
1259,Those Who Wish Me Dead,100,2021,6.0,59.0,Taylor Sheridan,
1260,Miami Vice,132,2006,6.0,66.0,Michael Mann,
1261,Don't Breathe 2,98,2021,6.0,46.0,Rodo Sayagues,
1262,The Tourist,103,2010,6.0,37.0,Florian Henckel von Donnersmarck,
1263,Dante's Peak,108,1997,6.0,43.0,Roger Donaldson,
1264,The Time Machine,96,2002,6.0,42.0,Simon Wells,
1265,The Spy Who Dumped Me,117,2018,6.0,52.0,Susanna Fogel,
1266,Taken 3,108,2014,6.0,26.0,Olivier Megaton,
1267,Project Power,113,2020,6.0,51.0,Henry Joost,Ariel Schulman
1268,Sahara,124,2005,6.0,41.0,Breck Eisner,
1269,Cowboys & Aliens,119,2011,6.0,50.0,Jon Favreau,
1270,G.I. Jane,125,1997,6.0,62.0,Ridley Scott,
1271,Transporter 3,104,2008,6.0,51.0,Olivier Megaton,
1272,The Purge: Election Year,108,2016,6.0,55.0,James DeMonaco,
1273,Beneath the Planet of the Apes,95,1970,6.0,46.0,Ted Post,
1274,CHIPS,100,2017,6.0,28.0,Dax Shepard,
1275,Honest Thief,99,2020,6.0,46.0,Mark Williams,
1276,The Lego Ninjago Movie,101,2017,6.0,55.0,Charlie Bean,"Paul Fisher,Bob Logan"
1277,Teenage Mutant Ninja Turtles II: The Secret of the Ooze,88,1991,6.0,45.0,Michael Pressman,
1278,The Net,114,1995,6.0,51.0,Irwin Winkler,
1279,Shaft,99,2000,6.0,50.0,John Singleton,
1280,A Man Apart,109,2003,6.0,36.0,F. Gary Gray,
1281,Valhalla Rising,93,2009,6.0,61.0,Nicolas Winding Refn,
1282,Captive State,109,2019,6.0,54.0,Rupert Wyatt,
1283,Above the Law,99,1988,6.0,45.0,Andrew Davis,
1284,Soldier,99,1998,6.0,,Paul W.S. Anderson,
1285,The Big Hit,91,1998,6.0,31.0,Kirk Wong,
1286,First Knight,134,1995,6.0,57.0,Jerry Zucker,
1287,Erased,100,2012,6.0,34.0,Philipp Stölzl,
1288,The Hunted,94,2003,6.0,40.0,William Friedkin,
1289,The Condemned,114,2007,6.0,23.0,Scott Wiper,
1290,Firestarter,114,1984,6.0,50.0,Mark L. Lester,
1291,The Peacemaker,124,1997,6.0,43.0,Mimi Leder,
1292,Carriers,85,2009,6.0,,David Pastor,Àlex Pastor
1293,The Shadow,108,1994,6.0,50.0,Russell Mulcahy,
1294,Wrongfully Accused,87,1998,6.0,,Pat Proft,
1295,Varisu,169,2023,6.0,,Vamshi Paidipally,
1296,Lockout,95,2012,6.0,48.0,James Mather,Steve Saint Leger
1297,Autómata,109,2014,6.0,37.0,Gabe Ibáñez,
1298,Jimmy Neutron: Boy Genius,82,2001,6.0,65.0,John A. Davis,
1299,Man of Tai Chi,105,2013,6.0,52.0,Keanu Reeves,
1300,Bird on a Wire,110,1990,6.0,36.0,John Badham,
1301,Thick as Thieves,104,2009,6.0,,Mimi Leder,
1302,The Machine,91,2013,6.0,52.0,Caradog W. James,
1303,The Tournament,95,2009,6.0,,Scott Mann,
1304,K-9,101,1989,6.0,44.0,Rod Daniel,
1305,Kick,146,2014,6.0,,Sajid Nadiadwala,
1306,2 Fast 2 Furious,107,2003,5.9,38.0,John Singleton,
1307,Punisher: War Zone,103,2008,5.9,30.0,Lexi Alexander,
1308,Suicide Squad,123,2016,5.9,40.0,David Ayer,
1309,The Great Wall,103,2016,5.9,42.0,Yimou Zhang,
1310,Venom: Let There Be Carnage,97,2021,5.9,49.0,Andy Serkis,
1311,Conan the Destroyer,103,1984,5.9,53.0,Richard Fleischer,
1312,Deep Blue Sea,105,1999,5.9,54.0,Renny Harlin,
1313,Power Rangers,124,2017,5.9,44.0,Dean Israelite,
1314,Transformers: Revenge of the Fallen,149,2009,5.9,35.0,Michael Bay,
1315,Pathaan,146,2023,5.9,47.0,Siddharth Anand,
1316,The Last Witch Hunter,106,2015,5.9,34.0,Breck Eisner,
1317,Underwater,95,2020,5.9,48.0,William Eubank,
1318,Jurassic Park III,92,2001,5.9,42.0,Joe Johnston,
1319,Into the Blue,110,2005,5.9,45.0,John Stockwell,
1320,Teenage Mutant Ninja Turtles: Out of the Shadows,112,2016,5.9,40.0,Dave Green,
1321,Liu lang di qiu,125,2019,5.9,57.0,Frant Gwo,
1322,London Has Fallen,99,2016,5.9,28.0,Babak Najafi,
1323,The Brothers Grimm,118,2005,5.9,51.0,Terry Gilliam,
1324,Six Days Seven Nights,102,1998,5.9,51.0,Ivan Reitman,
1325,The One,87,2001,5.9,25.0,James Wong,
1326,The Rookie,120,1990,5.9,41.0,Clint Eastwood,
1327,Timecop,99,1994,5.9,48.0,Peter Hyams,
1328,Iron Sky,93,2012,5.9,,Timo Vuorensola,
1329,Abraham Lincoln: Vampire Hunter,105,2012,5.9,42.0,Timur Bekmambetov,
1330,Braven,94,2018,5.9,61.0,Lin Oeding,
1331,Doomsday,113,2008,5.9,51.0,Neil Marshall,
1332,The Black Hole,98,1979,5.9,52.0,Gary Nelson,
1333,Star Wars: The Clone Wars,98,2008,5.9,35.0,Dave Filoni,
1334,The Legend of Zorro,129,2005,5.9,47.0,Martin Campbell,
1335,Keeping Up with the Joneses,105,2016,5.9,34.0,Greg Mottola,
1336,The 6th Day,123,2000,5.9,49.0,Roger Spottiswoode,
1337,Firefox,136,1982,5.9,44.0,Clint Eastwood,
1338,Daylight,114,1996,5.9,47.0,Rob Cohen,
1339,The Golden Child,94,1986,5.9,37.0,Michael Ritchie,
1340,Kidnap,95,2017,5.9,44.0,Luis Prieto,
1341,Sanctum,108,2011,5.9,42.0,Alister Grierson,
1342,Another 48 Hrs.,95,1990,5.9,23.0,Walter Hill,
1343,Vertical Limit,124,2000,5.9,48.0,Martin Campbell,
1344,Domino,127,2005,5.9,36.0,Tony Scott,
1345,The Fan,116,1996,5.9,32.0,Tony Scott,
1346,Red Tails,125,2012,5.9,46.0,Anthony Hemingway,
1347,Ride Along 2,102,2016,5.9,32.0,Tim Story,
1348,Gone,94,2012,5.9,36.0,Heitor Dhalia,
1349,Passenger 57,84,1992,5.9,50.0,Kevin Hooks,
1350,3000 Miles to Graceland,125,2001,5.9,21.0,Demian Lichtenstein,
1351,Undercover Brother,86,2002,5.9,69.0,Malcolm D. Lee,
1352,Fatman,100,2020,5.9,40.0,Eshom Nelms,Ian Nelms
1353,Fortress,95,1992,5.9,48.0,Stuart Gordon,
1354,Men at Work,98,1990,5.9,34.0,Emilio Estevez,
1355,Hard Rain,97,1998,5.9,36.0,Mikael Salomon,
1356,The Double,98,2011,5.9,37.0,Michael Brandt,
1357,Tiger Zinda Hai,161,2017,5.9,,Mehmet Tutkun,"Ali Abbas Zafar,Musa Muhammed Olayinka"
1358,Ghosted,116,2023,5.8,34.0,Dexter Fletcher,
1359,The School for Good and Evil,147,2022,5.8,30.0,Paul Feig,
1360,2012,158,2009,5.8,49.0,Roland Emmerich,
1361,Battleship,131,2012,5.8,41.0,Peter Berg,
1362,Army of the Dead,148,2021,5.8,57.0,Zack Snyder,
1363,Mortal Kombat,101,1995,5.8,60.0,Paul W.S. Anderson,
1364,Oldboy,104,2013,5.8,49.0,Spike Lee,
1365,Clash of the Titans,106,2010,5.8,39.0,Louis Leterrier,
1366,Teenage Mutant Ninja Turtles,101,2014,5.8,31.0,Jonathan Liebesman,
1367,xXx,124,2002,5.8,48.0,Rob Cohen,
1368,The Man from Toronto,110,2022,5.8,34.0,Patrick Hughes,
1369,Species,108,1995,5.8,49.0,Roger Donaldson,
1370,Cobra,87,1986,5.8,25.0,George P. Cosmatos,
1371,Blade: Trinity,113,2004,5.8,38.0,David S. Goyer,
1372,Noah,138,2014,5.8,68.0,Darren Aronofsky,
1373,Troll,101,2022,5.8,62.0,Roar Uthaug,
1374,Hollow Man,112,2000,5.8,24.0,Paul Verhoeven,
1375,Haywire,93,2011,5.8,67.0,Steven Soderbergh,
1376,The League of Extraordinary Gentlemen,110,2003,5.8,30.0,Stephen Norrington,
1377,Journey to the Center of the Earth,93,2008,5.8,57.0,Eric Brevig,
1378,Cirque du Freak: The Vampire's Assistant,119,2009,5.8,43.0,Paul Weitz,
1379,End of Days,122,1999,5.8,33.0,Peter Hyams,
1380,Without Remorse,109,2021,5.8,41.0,Stefano Sollima,
1381,Lake Placid,82,1999,5.8,34.0,Steve Miner,
1382,RoboCop 2,117,1990,5.8,42.0,Irvin Kershner,
1383,The Host,125,2013,5.8,35.0,Andrew Niccol,
1384,The Mortal Instruments: City of Bones,130,2013,5.8,33.0,Harald Zwart,
1385,Extinction,95,2018,5.8,40.0,Ben Young,
1386,Pride and Prejudice and Zombies,108,2016,5.8,45.0,Burr Steers,
1387,Wild Hogs,100,2007,5.8,27.0,Walt Becker,
1388,Over the Top,93,1987,5.8,40.0,Menahem Golan,
1389,Morgan,92,2016,5.8,48.0,Luke Scott,
1390,Rambo III,102,1988,5.8,36.0,Peter MacDonald,
1391,Into the Storm,89,2014,5.8,44.0,Steven Quale,
1392,Resident Evil: Afterlife,96,2010,5.8,37.0,Paul W.S. Anderson,
1393,Skyscraper,102,2018,5.8,51.0,Rawson Marshall Thurber,
1394,Straw Dogs,110,2011,5.8,45.0,Rod Lurie,
1395,1941,118,1979,5.8,34.0,Steven Spielberg,
1396,Around the World in 80 Days,120,2004,5.8,49.0,Frank Coraci,
1397,Sudden Death,111,1995,5.8,,Peter Hyams,
1398,The Green Hornet,119,2011,5.8,39.0,Michel Gondry,
1399,Striking Distance,102,1993,5.8,36.0,Rowdy Herrington,
1400,The Gunman,115,2015,5.8,39.0,Pierre Morel,
1401,Reindeer Games,104,2000,5.8,37.0,John Frankenheimer,
1402,Hard to Kill,96,1990,5.8,41.0,Bruce Malmuth,
1403,Bulletproof,84,1996,5.8,30.0,Ernest R. Dickerson,
1404,Air America,113,1990,5.8,33.0,Roger Spottiswoode,
1405,Cradle 2 the Grave,101,2003,5.8,36.0,Andrzej Bartkowiak,
1406,Firewall,105,2006,5.8,45.0,Richard Loncraine,
1407,Taxi 3,84,2003,5.8,,Gérard Krawczyk,
1408,Samrat Prithviraj,135,2022,5.8,,Chandra Prakash Dwivedi,
1409,The Three Musketeers,110,2011,5.7,35.0,Paul W.S. Anderson,
1410,Murder Mystery 2,90,2023,5.7,44.0,Jeremy Garelick,
1411,The Matrix Resurrections,148,2021,5.7,63.0,Lana Wachowski,
1412,Escape Room: Tournament of Champions,88,2021,5.7,48.0,Adam Robitel,
1413,G.I. Joe: Retaliation,110,2013,5.7,41.0,Jon M. Chu,
1414,Mulan,115,2020,5.7,66.0,Niki Caro,
1415,Memory,114,2022,5.7,41.0,Martin Campbell,
1416,Mechanic: Resurrection,98,2016,5.7,38.0,Dennis Gansel,
1417,G.I. Joe: The Rise of Cobra,118,2009,5.7,32.0,Stephen Sommers,
1418,Planet of the Apes,119,2001,5.7,50.0,Tim Burton,
1419,Dark Phoenix,113,2019,5.7,43.0,Simon Kinberg,
1420,Samaritan,102,2022,5.7,45.0,Julius Avery,
1421,Fantastic Four,106,2005,5.7,40.0,Tim Story,
1422,Bloodshot,109,2020,5.7,44.0,Dave Wilson,
1423,Freddy vs. Jason,97,2003,5.7,37.0,Ronny Yu,
1424,Underworld: Blood Wars,91,2016,5.7,23.0,Anna Foerster,
1425,Allegiant,120,2016,5.7,33.0,Robert Schwentke,
1426,Journey 2: The Mysterious Island,94,2012,5.7,41.0,Brad Peyton,
1427,Chaos Walking,109,2021,5.7,38.0,Doug Liman,
1428,Buffy the Vampire Slayer,86,1992,5.7,48.0,Fran Rubel Kuzui,
1429,Pan,111,2015,5.7,36.0,Joe Wright,
1430,Hitman: Agent 47,96,2015,5.7,28.0,Aleksander Bach,
1431,Only God Forgives,90,2013,5.7,37.0,Nicolas Winding Refn,
1432,Lara Croft: Tomb Raider,100,2001,5.7,33.0,Simon West,
1433,Wrath of the Titans,99,2012,5.7,37.0,Jonathan Liebesman,
1434,Fool's Gold,112,2008,5.7,29.0,Andy Tennant,
1435,Battle: Los Angeles,116,2011,5.7,37.0,Jonathan Liebesman,
1436,Crocodile Dundee II,108,1988,5.7,41.0,John Cornell,
1437,Gamer,95,2009,5.7,27.0,Mark Neveldine,Brian Taylor
1438,The Darkest Minds,104,2018,5.7,39.0,Jennifer Yuh Nelson,
1439,Escape from L.A.,101,1996,5.7,54.0,John Carpenter,
1440,Poseidon,98,2006,5.7,50.0,Wolfgang Petersen,
1441,The Do-Over,108,2016,5.7,22.0,Steven Brill,
1442,Sabotage,109,2014,5.7,41.0,David Ayer,
1443,Gemini Man,117,2019,5.7,38.0,Ang Lee,
1444,Cutthroat Island,124,1995,5.7,37.0,Renny Harlin,
1445,Cooties,88,2014,5.7,49.0,Jonathan Milott,Cary Murnion
1446,Priest,87,2011,5.7,41.0,Scott Stewart,
1447,Bullet to the Head,92,2012,5.7,48.0,Walter Hill,
1448,Mighty Joe Young,114,1998,5.7,51.0,Ron Underwood,
1449,Race to Witch Mountain,98,2009,5.7,52.0,Andy Fickman,
1450,Hudson Hawk,100,1991,5.7,17.0,Michael Lehmann,
1451,Beckett,110,2021,5.7,52.0,Ferdinando Cito Filomarino,
1452,Close,94,2019,5.7,51.0,Vicky Jewson,
1453,Ben-Hur,123,2016,5.7,38.0,Timur Bekmambetov,
1454,Drillbit Taylor,110,2008,5.7,41.0,Steven Brill,
1455,Red Planet,106,2000,5.7,34.0,Antony Hoffman,
1456,Money Train,110,1995,5.7,,Joseph Ruben,
1457,Nowhere to Run,94,1993,5.7,41.0,Robert Harmon,
1458,Bandidas,93,2006,5.7,,Joachim Rønning,Espen Sandberg
1459,The Art of War,117,2000,5.7,30.0,Christian Duguay,
1460,Armored,88,2009,5.7,50.0,Nimród Antal,
1461,The Meg,113,2018,5.6,46.0,Jon Turteltaub,
1462,Jurassic World Dominion,147,2022,5.6,38.0,Colin Trevorrow,
1463,Strange World,102,2022,5.6,65.0,Don Hall,Qui Nguyen
1464,Transformers: Age of Extinction,165,2014,5.6,32.0,Michael Bay,
1465,Beast,93,2022,5.6,54.0,Baltasar Kormákur,
1466,R.I.P.D.,96,2013,5.6,25.0,Robert Schwentke,
1467,Men in Black: International,114,2019,5.6,38.0,F. Gary Gray,
1468,Last Seen Alive,95,2022,5.6,,Brian Goodman,
1469,Charlie's Angels,98,2000,5.6,52.0,McG,
1470,Pixels,105,2015,5.6,27.0,Chris Columbus,
1471,The Pacifier,95,2005,5.6,30.0,Adam Shankman,
1472,Spy Kids,88,2001,5.6,71.0,Robert Rodriguez,
1473,Hulk,138,2003,5.6,54.0,Ang Lee,
1474,You Don't Mess with the Zohan,113,2008,5.6,54.0,Dennis Dugan,
1475,Alexander,175,2004,5.6,40.0,Oliver Stone,
1476,Assassin's Creed,115,2016,5.6,36.0,Justin Kurzel,
1477,The Dark Tower,95,2017,5.6,34.0,Nikolaj Arcel,
1478,AVP: Alien vs. Predator,101,2004,5.6,29.0,Paul W.S. Anderson,
1479,Pacific Rim: Uprising,111,2018,5.6,44.0,Steven S. DeKnight,
1480,Wild Card,92,2015,5.6,40.0,Simon West,
1481,Judge Dredd,96,1995,5.6,,Danny Cannon,
1482,4: Rise of the Silver Surfer,92,2007,5.6,45.0,Tim Story,
1483,Johnny Mnemonic,103,1995,5.6,36.0,Robert Longo,
1484,The Specialist,110,1994,5.6,,Luis Llosa,
1485,Machete Kills,107,2013,5.6,41.0,Robert Rodriguez,
1486,Timeline,116,2003,5.6,28.0,Richard Donner,
1487,The Ice Road,109,2021,5.6,42.0,Jonathan Hensleigh,
1488,Hold the Dark,125,2018,5.6,63.0,Jeremy Saulnier,
1489,The Marksman,108,2021,5.6,44.0,Robert Lorenz,
1490,Jolt,91,2021,5.6,48.0,Tanya Wexler,
1491,Jay and Silent Bob Reboot,105,2019,5.6,46.0,Kevin Smith,
1492,Raw Deal,106,1986,5.6,44.0,John Irvin,
1493,Double Impact,110,1991,5.6,40.0,Sheldon Lettich,
1494,National Security,88,2003,5.6,31.0,Dennis Dugan,
1495,Brick Mansions,90,2014,5.6,40.0,Camille Delamarre,
1496,Brahmastra Part One: Shiva,167,2022,5.6,57.0,Ayan Mukerji,
1497,Chain Reaction,107,1996,5.6,43.0,Andrew Davis,
1498,The Skulls,106,2000,5.6,24.0,Rob Cohen,
1499,MacGruber,90,2010,5.6,43.0,Jorma Taccone,
1500,Survivor,96,2015,5.6,28.0,James McTeigue,
1501,Bad Company,116,2002,5.6,37.0,Joel Schumacher,
1502,The Pink Panther 2,92,2009,5.6,36.0,Harald Zwart,
1503,Sleepless,95,2017,5.6,34.0,Baran bo Odar,
1504,Exit Wounds,101,2001,5.6,39.0,Andrzej Bartkowiak,
1505,Fire with Fire,97,2012,5.6,,David Barrett,
1506,12 Rounds,108,2009,5.6,38.0,Renny Harlin,
1507,The Quest,95,1996,5.6,,Jean-Claude Van Damme,
1508,The Contract,96,2006,5.6,,Bruce Beresford,
1509,Metro,117,1997,5.6,41.0,Thomas Carter,
1510,Ek Tha Tiger,132,2012,5.6,,Mathur Goswami,Kabir Khan
1511,Bang Bang,153,2014,5.6,,Siddharth Anand,
1512,The Mother,115,2023,5.5,45.0,Niki Caro,
1513,Baywatch,116,2017,5.5,37.0,Seth Gordon,
1514,Willy's Wonderland,88,2021,5.5,44.0,Kevin Lewis,
1515,The Scorpion King,92,2002,5.5,45.0,Chuck Russell,
1516,The Core,135,2003,5.5,48.0,Jon Amiel,
1517,The 355,122,2022,5.5,40.0,Simon Kinberg,
1518,Your Highness,102,2011,5.5,31.0,David Gordon Green,
1519,George of the Jungle,92,1997,5.5,53.0,Sam Weisman,
1520,The Cloverfield Paradox,102,2018,5.5,37.0,Julius Onah,
1521,Green Lantern,114,2011,5.5,39.0,Martin Campbell,
1522,Sweet Girl,110,2021,5.5,46.0,Brian Andrew Mendoza,
1523,Beverly Hills Cop III,104,1994,5.5,16.0,John Landis,
1524,Resident Evil: The Final Chapter,107,2016,5.5,49.0,Paul W.S. Anderson,
1525,Snakes on a Plane,105,2006,5.5,58.0,David R. Ellis,
1526,Seventh Son,102,2014,5.5,30.0,Sergei Bodrov,
1527,Volcano,104,1997,5.5,55.0,Mick Jackson,
1528,Eight Legged Freaks,99,2002,5.5,53.0,Ellory Elkayem,
1529,Virtuosity,106,1995,5.5,39.0,Brett Leonard,
1530,The Bounty Hunter,110,2010,5.5,22.0,Andy Tennant,
1531,Under Siege 2: Dark Territory,100,1995,5.5,52.0,Geoff Murphy,
1532,Busanhaeng 2: Bando,116,2020,5.5,51.0,Sang-ho Yeon,
1533,Pompeii,105,2014,5.5,39.0,Paul W.S. Anderson,
1534,Star Trek V: The Final Frontier,107,1989,5.5,43.0,William Shatner,
1535,Mortdecai,107,2015,5.5,27.0,David Koepp,
1536,Collateral Damage,108,2002,5.5,33.0,Andrew Davis,
1537,Lara Croft: Tomb Raider - The Cradle of Life,117,2003,5.5,43.0,Jan de Bont,
1538,Babylon A.D.,90,2008,5.5,26.0,Mathieu Kassovitz,
1539,Beverly Hills Ninja,88,1997,5.5,27.0,Dennis Dugan,
1540,Cop Out,107,2010,5.5,31.0,Kevin Smith,
1541,Fighting,105,2009,5.5,61.0,Dito Montiel,
1542,Whiteout,101,2009,5.5,,Dominic Sena,
1543,Stolen,96,2012,5.5,43.0,Simon West,
1544,The Man,83,2005,5.5,33.0,Les Mayfield,
1545,Showtime,95,2002,5.5,32.0,Tom Dey,
1546,Taxi 4,91,2007,5.5,,Gérard Krawczyk,
1547,Gunjan Saxena: The Kargil Girl,112,2020,5.5,,ALi Khan AK,Sharan Sharma
1548,65,93,2023,5.4,40.0,Scott Beck,Bryan Woods
1549,Gods of Egypt,127,2016,5.4,25.0,Alex Proyas,
1550,The Forever Purge,103,2021,5.4,53.0,Everardo Gout,
1551,Shotgun Wedding,101,2022,5.4,46.0,Jason Moore,
1552,Wonder Woman 1984,151,2020,5.4,60.0,Patty Jenkins,
1553,Spiderhead,106,2022,5.4,54.0,Joseph Kosinski,
1554,The Mummy,110,2017,5.4,34.0,Alex Kurtzman,
1555,Batman Forever,121,1995,5.4,51.0,Joel Schumacher,
1556,Infinite,106,2021,5.4,28.0,Antoine Fuqua,
1557,Ava,96,2020,5.4,39.0,Tate Taylor,
1558,Godzilla,139,1998,5.4,32.0,Roland Emmerich,
1559,Big Game,90,2014,5.4,53.0,Jalmari Helander,
1560,Snake Eyes: G.I. Joe Origins,121,2021,5.4,43.0,Robert Schwentke,
1561,Drive Angry,104,2011,5.4,44.0,Patrick Lussier,
1562,Maximum Overdrive,98,1986,5.4,24.0,Stephen King,
1563,Æon Flux,93,2005,5.4,36.0,Karyn Kusama,
1564,"Game Over, Man!",101,2018,5.4,32.0,Kyle Newacheck,
1565,Vampire Academy,104,2014,5.4,31.0,Mark Waters,
1566,Blackhat,133,2015,5.4,51.0,Michael Mann,
1567,Killers,100,2010,5.4,21.0,Robert Luketic,
1568,The Happytime Murders,91,2018,5.4,27.0,Brian Henson,
1569,The Last Legion,101,2007,5.4,37.0,Doug Lefler,
1570,Season of the Witch,95,2011,5.4,28.0,Dominic Sena,
1571,Outside the Wire,114,2021,5.4,45.0,Mikael Håfström,
1572,The Man with the Iron Fists,95,2012,5.4,51.0,RZA,
1573,D3: The Mighty Ducks,104,1996,5.4,,Robert Lieberman,
1574,The Spy Next Door,94,2010,5.4,27.0,Brian Levant,
1575,The Tuxedo,98,2002,5.4,30.0,Kevin Donovan,
1576,Pathfinder,99,2007,5.4,29.0,Marcus Nispel,
1577,Battle for the Planet of the Apes,93,1973,5.4,40.0,J. Lee Thompson,
1578,Bulletproof Monk,104,2003,5.4,40.0,Paul Hunter,
1579,I Spy,97,2002,5.4,35.0,Betty Thomas,
1580,Killing Season,91,2013,5.4,25.0,Mark Steven Johnson,
1581,Dhoom:3,172,2013,5.4,61.0,Vijay Krishna Acharya,
1582,The Predator,107,2018,5.3,48.0,Shane Black,
1583,Masters of the Universe,106,1987,5.3,35.0,Gary Goddard,
1584,Ghost Rider,110,2007,5.3,35.0,Mark Steven Johnson,
1585,Point Break,114,2015,5.3,34.0,Ericson Core,
1586,Jupiter Ascending,127,2015,5.3,40.0,Lana Wachowski,Lilly Wachowski
1587,Geostorm,109,2017,5.3,21.0,Dean Devlin,
1588,Tank Girl,104,1995,5.3,46.0,Rachel Talalay,
1589,The New Mutants,94,2020,5.3,43.0,Josh Boone,
1590,Daredevil,103,2003,5.3,42.0,Mark Steven Johnson,
1591,Robin Hood,116,2018,5.3,32.0,Otto Bathurst,
1592,Max Payne,100,2008,5.3,31.0,John Moore,
1593,Congo,109,1995,5.3,22.0,Frank Marshall,
1594,Resident Evil: Retribution,95,2012,5.3,39.0,Paul W.S. Anderson,
1595,Spy Hard,81,1996,5.3,25.0,Rick Friedberg,
1596,The Karate Kid Part III,112,1989,5.3,36.0,John G. Avildsen,
1597,Red Dawn,93,2012,5.3,31.0,Dan Bradley,
1598,Spy Kids 2: Island of Lost Dreams,100,2002,5.3,66.0,Robert Rodriguez,
1599,Land of the Lost,102,2009,5.3,32.0,Brad Silberling,
1600,One for the Money,91,2012,5.3,22.0,Julie Anne Robinson,
1601,The Colony,95,2013,5.3,28.0,Jeff Renfroe,
1602,Bangkok Dangerous,99,2008,5.3,24.0,Danny Pang,Oxide Chun Pang
1603,Hollywood Homicide,116,2003,5.3,47.0,Ron Shelton,
1604,Universal Soldier: Regeneration,97,2009,5.3,70.0,John Hyams,
1605,The Way to Paradise,85,2011,5.3,,Enzo Zelocchi,
1606,F9,143,2021,5.2,58.0,Justin Lin,
1607,Transformers: The Last Knight,154,2017,5.2,27.0,Michael Bay,
1608,Morbius,104,2022,5.2,35.0,Daniel Espinosa,
1609,The Covenant,97,2006,5.2,19.0,Renny Harlin,
1610,Resident Evil: Welcome to Raccoon City,107,2021,5.2,44.0,Johannes Roberts,
1611,The Mummy: Tomb of the Dragon Emperor,112,2008,5.2,31.0,Rob Cohen,
1612,xXx: Return of Xander Cage,107,2017,5.2,42.0,D.J. Caruso,
1613,Legion,100,2010,5.2,32.0,Scott Stewart,
1614,Hellboy,120,2019,5.2,31.0,Neil Marshall,
1615,Spawn,96,1997,5.2,34.0,Mark A.Z. Dippé,
1616,Monster Hunter,103,2020,5.2,47.0,Paul W.S. Anderson,
1617,Independence Day: Resurgence,120,2016,5.2,32.0,Roland Emmerich,
1618,The Bad Batch,118,2016,5.2,62.0,Ana Lily Amirpour,
1619,The 5th Wave,112,2016,5.2,33.0,J Blakeson,
1620,Mighty Morphin Power Rangers: The Movie,95,1995,5.2,40.0,Bryan Spicer,
1621,The Transporter Refueled,96,2015,5.2,32.0,Camille Delamarre,
1622,Doom,105,2005,5.2,34.0,Andrzej Bartkowiak,
1623,Lost in Space,130,1998,5.2,42.0,Stephen Hopkins,
1624,Big Momma's House,99,2000,5.2,33.0,Raja Gosnell,
1625,A Good Day to Die Hard,98,2013,5.2,28.0,John Moore,
1626,The First Purge,97,2018,5.2,54.0,Gerard McMurray,
1627,Paul Blart: Mall Cop,91,2009,5.2,39.0,Steve Carr,
1628,The Medallion,88,2003,5.2,38.0,Gordon Chan,
1629,Mutant Chronicles,111,2008,5.2,,Simon Hunter,
1630,Beast,155,2022,5.2,,Nelson Dilipkumar,
1631,Bachchhan Paandey,147,2022,5.2,,Farhad Samji,
1632,Moonfall,130,2022,5.1,41.0,Roland Emmerich,
1633,Conan the Barbarian,113,2011,5.1,36.0,Marcus Nispel,
1634,Red Sonja,89,1985,5.1,35.0,Richard Fleischer,
1635,"I, Frankenstein",92,2014,5.1,30.0,Stuart Beattie,
1636,Eragon,104,2006,5.1,38.0,Stefen Fangmeier,
1637,"10,000 BC",109,2008,5.1,34.0,Roland Emmerich,
1638,Miss Congeniality 2: Armed & Fabulous,115,2005,5.1,34.0,John Pasquin,
1639,Agent Cody Banks,102,2003,5.1,41.0,Harald Zwart,
1640,G-Force,88,2009,5.1,41.0,Hoyt Yeatman,
1641,Stealth,121,2005,5.1,35.0,Rob Cohen,
1642,Abduction,106,2011,5.1,25.0,John Singleton,
1643,Cats & Dogs,87,2001,5.1,47.0,Lawrence Guterman,
1644,Hot Pursuit,87,2015,5.1,31.0,Anne Fletcher,
1645,Get Carter,102,2000,5.1,24.0,Stephen Kay,
1646,Stormbreaker,93,2006,5.1,42.0,Geoffrey Sax,
1647,Alex Cross,101,2012,5.1,30.0,Rob Cohen,
1648,Charlie's Angels,118,2019,5.0,52.0,Elizabeth Banks,
1649,The Twilight Saga: Eclipse,124,2010,5.0,58.0,David Slade,
1650,How It Ends,113,2018,5.0,36.0,David M. Rosenthal,
1651,Superman III,125,1983,5.0,44.0,Richard Lester,
1652,Cyborg,86,1989,5.0,24.0,Albert Pyun,
1653,Shadow in the Cloud,83,2020,5.0,66.0,Roseanne Liang,
1654,See No Evil,84,2006,5.0,17.0,Gregory Dark,
1655,The Phantom,100,1996,5.0,53.0,Simon Wincer,
1656,Virus,99,1999,5.0,19.0,John Bruno,
1657,Dilwale,158,2015,5.0,,Rohit Shetty,
1658,The Darkest Hour,89,2011,4.9,18.0,Chris Gorak,
1659,Charlie's Angels: Full Throttle,106,2003,4.9,48.0,McG,
1660,Wild Wild West,106,1999,4.9,38.0,Barry Sonnenfeld,
1661,The Cold Light of Day,93,2012,4.9,22.0,Mabrouk El Mechri,
1662,Dracula 2000,99,2000,4.9,26.0,Patrick Lussier,
1663,Ghosts of Mars,98,2001,4.9,35.0,John Carpenter,
1664,Blues Brothers 2000,123,1998,4.9,,John Landis,
1665,Happy New Year,180,2014,4.9,,Farah Khan,
1666,Anaconda,89,1997,4.8,37.0,Luis Llosa,
1667,The Ridiculous 6,119,2015,4.8,18.0,Frank Coraci,
1668,After Earth,100,2013,4.8,33.0,M. Night Shyamalan,
1669,DOA: Dead or Alive,87,2006,4.8,38.0,Corey Yuen,
1670,Crocodile Dundee in Los Angeles,95,2001,4.8,37.0,Simon Wincer,
1671,Tekken,91,2010,4.8,,Dwight H. Little,
1672,Teenage Mutant Ninja Turtles III,96,1993,4.8,40.0,Stuart Gillard,
1673,Double Team,93,1997,4.8,44.0,Hark Tsui,
1674,Godsend,102,2004,4.8,24.0,Frank M. Calo,Nick Hamm
1675,Howard the Duck,110,1986,4.7,28.0,Willard Huyck,
1676,Zoolander 2,101,2016,4.7,34.0,Ben Stiller,
1677,Elektra,97,2005,4.7,34.0,Rob Bowman,
1678,The Spirit,103,2008,4.7,30.0,Frank Miller,
1679,The Marine,92,2006,4.7,45.0,John Bonito,
1680,Jonah Hex,81,2010,4.7,33.0,Jimmy Hayward,
1681,Anacondas: The Hunt for the Blood Orchid,97,2004,4.7,40.0,Dwight H. Little,
1682,Ra.One,156,2011,4.7,60.0,Anubhav Sinha,
1683,Shamshera,178,2022,4.7,,Karan Malhotra,
1684,Bharat,150,2019,4.7,,Ali Abbas Zafar,
1685,Bodyguard,130,2011,4.7,41.0,Siddique,
1686,Interceptor,99,2022,4.6,51.0,Matthew Reilly,
1687,Superhero Movie,75,2008,4.6,33.0,Craig Mazin,
1688,AVPR: Aliens vs Predator - Requiem,94,2007,4.6,29.0,Colin Strause,Greg Strause
1689,Shehzada,142,2023,4.6,,Rohit Dhawan,
1690,Driven,116,2001,4.6,29.0,Renny Harlin,
1691,Snatched,90,2017,4.6,45.0,Jonathan Levine,
1692,Thunder Force,106,2021,4.5,34.0,Ben Falcone,
1693,Taxi,97,2004,4.5,27.0,Tim Story,
1694,Home Alone 3,102,1997,4.5,,Raja Gosnell,
1695,Species II,93,1998,4.5,19.0,Peter Medak,
1696,xXx: State of the Union,101,2005,4.5,37.0,Lee Tamahori,
1697,Kangaroo Jack,89,2003,4.5,16.0,David McNally,
1698,Skyline,92,2010,4.5,26.0,Colin Strause,Greg Strause
1699,The Next Karate Kid,107,1994,4.5,36.0,Christopher Cain,
1700,Jason X,92,2001,4.4,25.0,James Isaac,
1701,Cell,98,2016,4.4,38.0,Tod Williams,
1702,"Big Mommas: Like Father, Like Son",107,2011,4.4,22.0,John Whitesell,
1703,Paul Blart: Mall Cop 2,94,2015,4.4,13.0,Andy Fickman,
1704,Fantastic Four,100,2015,4.3,27.0,Josh Trank,
1705,Spy Kids 3: Game Over,84,2003,4.3,57.0,Robert Rodriguez,
1706,Ghost Rider: Spirit of Vengeance,96,2011,4.3,34.0,Mark Neveldine,Brian Taylor
1707,Ultraviolet,88,2006,4.3,18.0,Kurt Wimmer,
1708,Stop! Or My Mom Will Shoot,87,1992,4.3,,Roger Spottiswoode,
1709,Inspector Gadget,78,1999,4.2,36.0,David Kellogg,
1710,Highlander II: The Quickening,91,1991,4.2,31.0,Russell Mulcahy,
1711,The Legend of Hercules,99,2014,4.2,22.0,Renny Harlin,
1712,Universal Soldier: The Return,83,1999,4.2,24.0,Mic Rodgers,
1713,Coolie No. 1,134,2020,4.2,,David Dhawan,
1714,Torque,84,2004,4.1,41.0,Joseph Kahn,
1715,RoboCop 3,104,1993,4.1,40.0,Fred Dekker,
1716,Street Fighter,102,1994,4.0,34.0,Steven E. de Souza,
1717,The Last Airbender,103,2010,4.0,20.0,M. Night Shyamalan,
1718,Speed 2: Cruise Control,121,1997,3.9,23.0,Jan de Bont,
1719,In the Name of the King: A Dungeon Siege Tale,127,2007,3.8,15.0,Uwe Boll,
1720,Escape Plan 2: Hades,96,2018,3.8,,Steven C. Miller,
1721,The Avengers,89,1998,3.8,12.0,Jeremiah S. Chechik,
1722,The Adventures of Pluto Nash,95,2002,3.8,12.0,Ron Underwood,
1723,Batman & Robin,125,1997,3.7,28.0,Joel Schumacher,
1724,The Adventures of Sharkboy and Lavagirl 3-D,93,2005,3.7,38.0,Robert Rodriguez,
1725,Superman IV: The Quest for Peace,90,1987,3.7,24.0,Sidney J. Furie,
1726,Dungeons & Dragons,107,2000,3.6,14.0,Courtney Solomon,
1727,Mortal Kombat: Annihilation,95,1997,3.6,11.0,John R. Leonetti,
1728,Krym,99,2017,3.6,,Aleksey Pimanov,
1729,Barb Wire,98,1996,3.5,40.0,David Hogan,
1730,Spy Kids 4: All the Time in the World,89,2011,3.5,37.0,Robert Rodriguez,
1731,Catwoman,104,2004,3.4,27.0,Pitof,
1732,Left Behind,110,2014,3.1,12.0,Vic Armstrong,
1733,Rollerball,98,2002,3.1,14.0,John McTiernan,
1734,BloodRayne,95,2005,2.9,18.0,Uwe Boll,
1735,Liger,140,2022,2.7,,Puri Jagannadh,
1736,Gunday,152,2014,2.7,,Ali Abbas Zafar,
1737,Dragonball Evolution,85,2009,2.5,45.0,James Wong,
1738,Battlefield Earth,118,2000,2.5,9.0,Roger Christian,
1739,Heropanti 2,145,2022,2.5,,Ahmed Khan,
1740,Laxmii,141,2020,2.5,,Raghava Lawrence,Balakrishnan Thevar
1741,Alone in the Dark,99,2005,2.4,9.0,Uwe Boll,
1742,The Prototype,97,2022,2.4,,Marcelo Grion,
1743,House of the Dead,90,2003,2.1,15.0,Uwe Boll,
1744,Radhe,109,2021,1.9,,Prabhu Deva,
1745,Race 3,160,2018,1.9,,Remo D'Souza,
1746,Angels Apocalypse,85,2015,1.7,,Sean Cain,Enzo Zelocchi
1747,Elk*rtuk,125,2021,1.5,,Keith English,
1748,Sadak 2,133,2020,1.2,,Mahesh Bhatt,
